;Epoch;test_accuracy;train-saturation_features-0;train-saturation_features-4;train-saturation_features-8;train-saturation_features-11;train-saturation_features-15;train-saturation_features-18;train-saturation_features-21;train-saturation_features-24;train-saturation_features-28;train-saturation_features-31;train-saturation_features-34;train-saturation_features-37;train-saturation_features-40;train-saturation_features-43;train-saturation_features-46;train-saturation_features-49;train-saturation_classifier;eval-saturation_features-0;eval-saturation_features-4;eval-saturation_features-8;eval-saturation_features-11;eval-saturation_features-15;eval-saturation_features-18;eval-saturation_features-21;eval-saturation_features-24;eval-saturation_features-28;eval-saturation_features-31;eval-saturation_features-34;eval-saturation_features-37;eval-saturation_features-40;eval-saturation_features-43;eval-saturation_features-46;eval-saturation_features-49;eval-saturation_classifier
0;0;33.01;0.109375;0.1875;0.140625;0.1640625;0.1015625;0.08984375;0.07421875;0.0625;0.0234375;0.0234375;0.025390625;0.021484375;0.021484375;0.0234375;0.0234375;0.017578125;0.2;0.109375;0.171875;0.1328125;0.140625;0.0859375;0.08203125;0.06640625;0.05859375;0.0234375;0.021484375;0.021484375;0.017578125;0.017578125;0.017578125;0.015625;0.01171875;0.2
1;1;42.88;0.109375;0.265625;0.1796875;0.21875;0.13671875;0.12890625;0.08984375;0.0703125;0.033203125;0.025390625;0.025390625;0.025390625;0.025390625;0.025390625;0.02734375;0.021484375;0.3;0.125;0.25;0.1875;0.203125;0.12890625;0.1171875;0.08984375;0.07421875;0.033203125;0.02734375;0.025390625;0.0234375;0.0234375;0.025390625;0.025390625;0.01953125;0.3
2;2;57.36;0.109375;0.296875;0.2265625;0.2890625;0.1796875;0.15234375;0.09765625;0.08203125;0.037109375;0.02734375;0.025390625;0.0234375;0.0234375;0.0234375;0.025390625;0.0234375;0.4;0.125;0.296875;0.234375;0.2734375;0.1640625;0.140625;0.08984375;0.07421875;0.037109375;0.02734375;0.025390625;0.0234375;0.0234375;0.0234375;0.025390625;0.021484375;0.4
3;3;62.19;0.125;0.3125;0.2578125;0.3515625;0.2109375;0.1796875;0.1171875;0.09375;0.0390625;0.029296875;0.025390625;0.0234375;0.021484375;0.0234375;0.025390625;0.02734375;0.5;0.125;0.3125;0.2578125;0.34375;0.203125;0.16796875;0.109375;0.08984375;0.0390625;0.03125;0.025390625;0.0234375;0.021484375;0.021484375;0.025390625;0.02734375;0.5
4;4;56.94;0.125;0.328125;0.2890625;0.3984375;0.2578125;0.21484375;0.1328125;0.109375;0.044921875;0.03125;0.025390625;0.0234375;0.021484375;0.021484375;0.025390625;0.029296875;0.6;0.125;0.328125;0.2890625;0.3828125;0.24609375;0.19921875;0.12109375;0.09765625;0.04296875;0.029296875;0.021484375;0.021484375;0.01953125;0.01953125;0.0234375;0.02734375;0.5
5;5;59.12;0.125;0.328125;0.3046875;0.4140625;0.2734375;0.234375;0.14453125;0.109375;0.048828125;0.033203125;0.025390625;0.0234375;0.021484375;0.0234375;0.025390625;0.03125;0.6;0.125;0.328125;0.296875;0.3828125;0.265625;0.23046875;0.140625;0.10546875;0.048828125;0.033203125;0.025390625;0.021484375;0.01953125;0.01953125;0.0234375;0.029296875;0.6
6;6;67.13;0.125;0.34375;0.3203125;0.4296875;0.30078125;0.26171875;0.15234375;0.1171875;0.05078125;0.033203125;0.025390625;0.0234375;0.021484375;0.021484375;0.025390625;0.03125;0.6;0.140625;0.34375;0.3125;0.3984375;0.2890625;0.24609375;0.140625;0.109375;0.046875;0.03125;0.0234375;0.021484375;0.01953125;0.021484375;0.0234375;0.029296875;0.6
7;7;62.26;0.125;0.34375;0.3359375;0.4609375;0.33203125;0.28515625;0.1640625;0.12109375;0.05078125;0.033203125;0.0234375;0.021484375;0.021484375;0.021484375;0.025390625;0.02734375;0.6;0.140625;0.34375;0.3359375;0.4375;0.3203125;0.28125;0.15234375;0.10546875;0.046875;0.03125;0.0234375;0.021484375;0.01953125;0.01953125;0.0234375;0.02734375;0.6
8;8;67.2;0.140625;0.34375;0.328125;0.4609375;0.34375;0.3046875;0.16796875;0.12109375;0.05078125;0.03515625;0.025390625;0.021484375;0.01953125;0.01953125;0.025390625;0.02734375;0.6;0.140625;0.359375;0.328125;0.4375;0.33203125;0.29296875;0.15234375;0.10546875;0.046875;0.033203125;0.0234375;0.021484375;0.01953125;0.01953125;0.0234375;0.025390625;0.6
9;9;72.14;0.140625;0.359375;0.3515625;0.4765625;0.36328125;0.328125;0.1796875;0.125;0.052734375;0.03515625;0.0234375;0.021484375;0.021484375;0.01953125;0.0234375;0.0234375;0.6;0.140625;0.359375;0.3515625;0.453125;0.3515625;0.32421875;0.171875;0.1171875;0.05078125;0.033203125;0.0234375;0.021484375;0.021484375;0.021484375;0.0234375;0.0234375;0.6
10;10;69.01;0.140625;0.359375;0.3515625;0.4921875;0.37890625;0.33984375;0.19140625;0.1328125;0.052734375;0.033203125;0.01953125;0.01953125;0.01953125;0.01953125;0.0234375;0.021484375;0.7;0.15625;0.359375;0.3515625;0.453125;0.3671875;0.33984375;0.1875;0.125;0.05078125;0.033203125;0.01953125;0.017578125;0.017578125;0.01953125;0.0234375;0.021484375;0.7
11;11;76.01;0.140625;0.359375;0.359375;0.5;0.40234375;0.3515625;0.19140625;0.1328125;0.052734375;0.03125;0.01953125;0.017578125;0.01953125;0.01953125;0.0234375;0.01953125;0.6;0.15625;0.375;0.3515625;0.4765625;0.39453125;0.34375;0.18359375;0.125;0.052734375;0.03125;0.017578125;0.017578125;0.017578125;0.01953125;0.0234375;0.021484375;0.7
12;12;69.37;0.140625;0.375;0.3671875;0.5234375;0.4140625;0.37109375;0.2109375;0.140625;0.052734375;0.029296875;0.017578125;0.017578125;0.017578125;0.01953125;0.0234375;0.01953125;0.7;0.15625;0.375;0.359375;0.4921875;0.40625;0.3671875;0.203125;0.1328125;0.052734375;0.029296875;0.017578125;0.015625;0.017578125;0.01953125;0.0234375;0.01953125;0.7
13;13;71.36;0.15625;0.359375;0.3671875;0.53125;0.42578125;0.37890625;0.20703125;0.13671875;0.052734375;0.029296875;0.015625;0.015625;0.017578125;0.017578125;0.0234375;0.017578125;0.7;0.15625;0.375;0.359375;0.515625;0.41015625;0.375;0.20703125;0.125;0.05078125;0.02734375;0.015625;0.015625;0.017578125;0.01953125;0.0234375;0.017578125;0.6
14;14;71.59;0.15625;0.375;0.3671875;0.5390625;0.43359375;0.39453125;0.2265625;0.14453125;0.052734375;0.02734375;0.015625;0.013671875;0.017578125;0.01953125;0.0234375;0.017578125;0.7;0.15625;0.390625;0.359375;0.5078125;0.421875;0.39453125;0.2109375;0.1328125;0.05078125;0.02734375;0.015625;0.013671875;0.017578125;0.01953125;0.0234375;0.017578125;0.6
15;15;65.58;0.140625;0.375;0.359375;0.5234375;0.44140625;0.40234375;0.2265625;0.14453125;0.052734375;0.02734375;0.015625;0.013671875;0.017578125;0.01953125;0.0234375;0.017578125;0.7;0.15625;0.390625;0.3515625;0.5078125;0.43359375;0.390625;0.2109375;0.125;0.046875;0.02734375;0.015625;0.013671875;0.017578125;0.01953125;0.0234375;0.017578125;0.6
16;16;67.9;0.15625;0.390625;0.375;0.546875;0.44921875;0.41796875;0.234375;0.14453125;0.052734375;0.02734375;0.013671875;0.013671875;0.017578125;0.017578125;0.021484375;0.017578125;0.7;0.15625;0.40625;0.3671875;0.5234375;0.4453125;0.41015625;0.23046875;0.140625;0.048828125;0.0234375;0.013671875;0.013671875;0.017578125;0.017578125;0.0234375;0.017578125;0.6
17;17;73.4;0.15625;0.390625;0.390625;0.5625;0.45703125;0.4296875;0.24609375;0.14453125;0.052734375;0.025390625;0.01171875;0.01171875;0.015625;0.017578125;0.021484375;0.015625;0.7;0.15625;0.390625;0.3828125;0.5390625;0.4453125;0.421875;0.2421875;0.140625;0.048828125;0.025390625;0.01171875;0.01171875;0.015625;0.017578125;0.021484375;0.015625;0.7
18;18;71.4;0.15625;0.390625;0.3984375;0.5703125;0.46875;0.43359375;0.24609375;0.14453125;0.05078125;0.025390625;0.013671875;0.01171875;0.015625;0.017578125;0.021484375;0.015625;0.7;0.15625;0.40625;0.390625;0.546875;0.46484375;0.42578125;0.234375;0.13671875;0.048828125;0.025390625;0.013671875;0.01171875;0.015625;0.017578125;0.021484375;0.015625;0.6
19;19;66.58;0.15625;0.390625;0.3984375;0.5625;0.46875;0.4375;0.24609375;0.15234375;0.052734375;0.025390625;0.01171875;0.01171875;0.015625;0.017578125;0.021484375;0.015625;0.7;0.15625;0.390625;0.3828125;0.546875;0.45703125;0.421875;0.2265625;0.13671875;0.046875;0.025390625;0.013671875;0.01171875;0.017578125;0.017578125;0.021484375;0.015625;0.6
20;20;76.23;0.15625;0.390625;0.3984375;0.5625;0.48046875;0.44921875;0.2578125;0.15234375;0.052734375;0.0234375;0.01171875;0.01171875;0.015625;0.017578125;0.021484375;0.015625;0.7;0.15625;0.40625;0.390625;0.546875;0.46484375;0.43359375;0.24609375;0.14453125;0.048828125;0.0234375;0.01171875;0.01171875;0.015625;0.017578125;0.01953125;0.015625;0.7
21;21;68.4;0.15625;0.390625;0.3984375;0.5703125;0.48046875;0.44921875;0.2578125;0.1484375;0.052734375;0.0234375;0.01171875;0.01171875;0.015625;0.017578125;0.01953125;0.013671875;0.6;0.15625;0.390625;0.3828125;0.546875;0.46484375;0.44140625;0.25;0.14453125;0.048828125;0.0234375;0.01171875;0.01171875;0.013671875;0.017578125;0.01953125;0.013671875;0.6
22;22;72.91;0.15625;0.390625;0.390625;0.5625;0.49609375;0.45703125;0.265625;0.16015625;0.0546875;0.0234375;0.01171875;0.01171875;0.013671875;0.015625;0.01953125;0.013671875;0.7;0.15625;0.375;0.3828125;0.546875;0.4921875;0.45703125;0.26171875;0.14453125;0.05078125;0.021484375;0.01171875;0.01171875;0.015625;0.015625;0.01953125;0.013671875;0.7
23;23;76.79;0.15625;0.390625;0.3984375;0.5703125;0.50390625;0.47265625;0.26953125;0.1640625;0.0546875;0.0234375;0.01171875;0.01171875;0.013671875;0.015625;0.01953125;0.013671875;0.7;0.15625;0.40625;0.390625;0.546875;0.4921875;0.4609375;0.26953125;0.15625;0.05078125;0.021484375;0.01171875;0.01171875;0.013671875;0.015625;0.01953125;0.013671875;0.7
24;24;72.01;0.15625;0.40625;0.40625;0.5859375;0.50390625;0.47265625;0.27734375;0.1640625;0.052734375;0.021484375;0.01171875;0.01171875;0.013671875;0.017578125;0.01953125;0.013671875;0.7;0.15625;0.40625;0.390625;0.5625;0.48828125;0.46484375;0.265625;0.15234375;0.048828125;0.021484375;0.01171875;0.01171875;0.013671875;0.017578125;0.01953125;0.013671875;0.7
25;25;63.85;0.15625;0.390625;0.3984375;0.5859375;0.51171875;0.47265625;0.28515625;0.16015625;0.0546875;0.021484375;0.01171875;0.01171875;0.013671875;0.017578125;0.01953125;0.01171875;0.7;0.15625;0.390625;0.3828125;0.5625;0.4921875;0.46484375;0.28125;0.15625;0.05078125;0.021484375;0.01171875;0.01171875;0.013671875;0.017578125;0.01953125;0.009765625;0.7
26;26;78.06;0.15625;0.40625;0.4140625;0.59375;0.5234375;0.48828125;0.29296875;0.16796875;0.056640625;0.021484375;0.01171875;0.01171875;0.013671875;0.015625;0.017578125;0.01171875;0.7;0.15625;0.40625;0.40625;0.5625;0.51171875;0.484375;0.29296875;0.16015625;0.052734375;0.0234375;0.01171875;0.01171875;0.013671875;0.017578125;0.01953125;0.01171875;0.7
27;27;75.23;0.15625;0.390625;0.4140625;0.59375;0.5234375;0.49609375;0.296875;0.16796875;0.0546875;0.021484375;0.01171875;0.01171875;0.013671875;0.015625;0.017578125;0.013671875;0.7;0.15625;0.40625;0.3984375;0.5625;0.51171875;0.48828125;0.2890625;0.15625;0.05078125;0.021484375;0.01171875;0.01171875;0.013671875;0.015625;0.01953125;0.013671875;0.7
28;28;71.04;0.15625;0.390625;0.40625;0.6015625;0.51953125;0.48828125;0.2890625;0.16015625;0.0546875;0.021484375;0.01171875;0.009765625;0.01171875;0.015625;0.01953125;0.01171875;0.7;0.15625;0.40625;0.3984375;0.5703125;0.50390625;0.48828125;0.2890625;0.15625;0.052734375;0.01953125;0.01171875;0.009765625;0.013671875;0.015625;0.01953125;0.01171875;0.7
29;29;75.05;0.15625;0.40625;0.4140625;0.6015625;0.53125;0.5;0.3046875;0.16796875;0.056640625;0.01953125;0.01171875;0.009765625;0.01171875;0.015625;0.01953125;0.01171875;0.7;0.15625;0.40625;0.40625;0.578125;0.52734375;0.4921875;0.30078125;0.15625;0.052734375;0.01953125;0.01171875;0.009765625;0.01171875;0.015625;0.01953125;0.01171875;0.7
30;30;72.69;0.15625;0.390625;0.4140625;0.6015625;0.52734375;0.5078125;0.30078125;0.16796875;0.0546875;0.021484375;0.009765625;0.009765625;0.01171875;0.015625;0.01953125;0.01171875;0.7;0.15625;0.390625;0.40625;0.578125;0.5234375;0.49609375;0.2890625;0.15625;0.052734375;0.01953125;0.009765625;0.009765625;0.013671875;0.015625;0.01953125;0.01171875;0.6
31;31;79.98;0.15625;0.40625;0.421875;0.609375;0.53515625;0.51171875;0.30078125;0.16796875;0.0546875;0.01953125;0.009765625;0.009765625;0.01171875;0.015625;0.01953125;0.01171875;0.7;0.15625;0.421875;0.40625;0.5859375;0.52734375;0.5078125;0.30078125;0.1640625;0.052734375;0.01953125;0.009765625;0.009765625;0.01171875;0.015625;0.017578125;0.01171875;0.7
32;32;73.81;0.15625;0.40625;0.4140625;0.6015625;0.52734375;0.51171875;0.31640625;0.17578125;0.056640625;0.01953125;0.01171875;0.01171875;0.01171875;0.015625;0.01953125;0.013671875;0.7;0.15625;0.421875;0.4140625;0.5859375;0.51953125;0.5078125;0.31640625;0.16796875;0.0546875;0.017578125;0.01171875;0.01171875;0.013671875;0.015625;0.01953125;0.01171875;0.7
33;33;77.9;0.15625;0.40625;0.4140625;0.6171875;0.54296875;0.51171875;0.3046875;0.16796875;0.0546875;0.01953125;0.009765625;0.01171875;0.01171875;0.015625;0.01953125;0.009765625;0.7;0.15625;0.40625;0.40625;0.59375;0.53125;0.5078125;0.30078125;0.16015625;0.05078125;0.01953125;0.009765625;0.01171875;0.01171875;0.015625;0.01953125;0.009765625;0.7
34;34;80.73;0.15625;0.40625;0.421875;0.609375;0.546875;0.5234375;0.3125;0.1796875;0.056640625;0.01953125;0.009765625;0.009765625;0.013671875;0.015625;0.017578125;0.01171875;0.7;0.15625;0.40625;0.4140625;0.5859375;0.53515625;0.51953125;0.3125;0.17578125;0.0546875;0.01953125;0.009765625;0.009765625;0.013671875;0.015625;0.01953125;0.01171875;0.7
35;35;79.19;0.15625;0.421875;0.421875;0.609375;0.546875;0.53125;0.32421875;0.17578125;0.056640625;0.01953125;0.01171875;0.0078125;0.01171875;0.015625;0.01953125;0.009765625;0.7;0.15625;0.421875;0.4140625;0.5859375;0.53515625;0.5234375;0.3203125;0.1640625;0.052734375;0.01953125;0.01171875;0.0078125;0.01171875;0.015625;0.01953125;0.009765625;0.7
36;36;69.22;0.15625;0.421875;0.421875;0.609375;0.55859375;0.53125;0.3203125;0.171875;0.0546875;0.021484375;0.009765625;0.0078125;0.01171875;0.013671875;0.017578125;0.01171875;0.7;0.15625;0.421875;0.40625;0.578125;0.546875;0.53515625;0.31640625;0.1640625;0.05078125;0.01953125;0.009765625;0.0078125;0.01171875;0.013671875;0.017578125;0.01171875;0.6
37;37;80.17;0.15625;0.40625;0.421875;0.6171875;0.55859375;0.53125;0.32421875;0.17578125;0.056640625;0.021484375;0.009765625;0.009765625;0.013671875;0.015625;0.01953125;0.01171875;0.7;0.15625;0.421875;0.4140625;0.6015625;0.546875;0.52734375;0.32421875;0.16796875;0.052734375;0.021484375;0.009765625;0.009765625;0.013671875;0.015625;0.01953125;0.009765625;0.6
38;38;74.07;0.15625;0.421875;0.4375;0.6328125;0.5703125;0.54296875;0.32421875;0.1796875;0.056640625;0.021484375;0.009765625;0.009765625;0.013671875;0.015625;0.01953125;0.01171875;0.7;0.15625;0.421875;0.421875;0.5859375;0.5546875;0.52734375;0.32421875;0.17578125;0.052734375;0.01953125;0.009765625;0.009765625;0.013671875;0.015625;0.01953125;0.01171875;0.7
39;39;80.47;0.15625;0.421875;0.4375;0.6328125;0.57421875;0.546875;0.33203125;0.17578125;0.0546875;0.021484375;0.009765625;0.009765625;0.01171875;0.015625;0.01953125;0.009765625;0.7;0.15625;0.421875;0.4296875;0.59375;0.55859375;0.53515625;0.32421875;0.16796875;0.052734375;0.021484375;0.009765625;0.009765625;0.013671875;0.015625;0.01953125;0.009765625;0.7
40;40;77.97;0.15625;0.421875;0.4375;0.6328125;0.5703125;0.546875;0.33203125;0.17578125;0.056640625;0.021484375;0.009765625;0.009765625;0.013671875;0.015625;0.01953125;0.01171875;0.7;0.15625;0.421875;0.4296875;0.609375;0.5625;0.5390625;0.33203125;0.171875;0.0546875;0.021484375;0.01171875;0.009765625;0.013671875;0.015625;0.01953125;0.01171875;0.7
41;41;78.13;0.15625;0.421875;0.4453125;0.6328125;0.5703125;0.5546875;0.3359375;0.171875;0.05859375;0.0234375;0.01171875;0.01171875;0.013671875;0.015625;0.01953125;0.009765625;0.7;0.15625;0.421875;0.4296875;0.6015625;0.55859375;0.5390625;0.328125;0.1640625;0.052734375;0.021484375;0.009765625;0.01171875;0.013671875;0.015625;0.021484375;0.009765625;0.7
42;42;74.68;0.15625;0.421875;0.4296875;0.625;0.578125;0.5625;0.3515625;0.1796875;0.056640625;0.0234375;0.01171875;0.009765625;0.01171875;0.015625;0.01953125;0.009765625;0.7;0.15625;0.421875;0.4140625;0.59375;0.5546875;0.5546875;0.34765625;0.171875;0.052734375;0.01953125;0.01171875;0.009765625;0.01171875;0.013671875;0.01953125;0.009765625;0.7
43;43;75.4;0.15625;0.421875;0.4453125;0.6328125;0.58203125;0.56640625;0.34375;0.1796875;0.056640625;0.0234375;0.01171875;0.01171875;0.01171875;0.015625;0.01953125;0.01171875;0.7;0.15625;0.421875;0.4296875;0.6015625;0.5703125;0.56640625;0.33984375;0.171875;0.052734375;0.0234375;0.01171875;0.009765625;0.01171875;0.015625;0.01953125;0.01171875;0.7
44;44;76.33;0.15625;0.421875;0.453125;0.640625;0.5859375;0.56640625;0.35546875;0.18359375;0.056640625;0.0234375;0.01171875;0.01171875;0.01171875;0.017578125;0.01953125;0.01171875;0.7;0.171875;0.421875;0.4296875;0.6015625;0.5703125;0.5390625;0.34375;0.17578125;0.0546875;0.0234375;0.01171875;0.01171875;0.01171875;0.015625;0.01953125;0.01171875;0.7
45;45;78.8;0.15625;0.421875;0.4453125;0.6484375;0.5859375;0.57421875;0.35546875;0.1796875;0.056640625;0.0234375;0.01171875;0.01171875;0.01171875;0.017578125;0.021484375;0.01171875;0.7;0.15625;0.4375;0.4296875;0.6171875;0.578125;0.5625;0.34765625;0.171875;0.052734375;0.0234375;0.01171875;0.01171875;0.01171875;0.015625;0.01953125;0.009765625;0.7
46;46;75.25;0.15625;0.421875;0.453125;0.6484375;0.59765625;0.578125;0.36328125;0.1796875;0.05859375;0.0234375;0.013671875;0.01171875;0.01171875;0.017578125;0.01953125;0.009765625;0.7;0.15625;0.421875;0.4296875;0.625;0.5859375;0.57421875;0.359375;0.1796875;0.0546875;0.0234375;0.01171875;0.01171875;0.01171875;0.017578125;0.01953125;0.009765625;0.7
47;47;75.12;0.15625;0.421875;0.453125;0.65625;0.5859375;0.578125;0.3671875;0.1875;0.056640625;0.0234375;0.01171875;0.01171875;0.01171875;0.017578125;0.01953125;0.009765625;0.7;0.15625;0.421875;0.4375;0.640625;0.57421875;0.578125;0.36328125;0.17578125;0.0546875;0.0234375;0.01171875;0.01171875;0.01171875;0.015625;0.01953125;0.009765625;0.7
48;48;83.1;0.15625;0.40625;0.453125;0.640625;0.6015625;0.59375;0.3828125;0.19140625;0.060546875;0.025390625;0.01171875;0.01171875;0.01171875;0.017578125;0.01953125;0.01171875;0.7;0.15625;0.40625;0.4375;0.6171875;0.5859375;0.58984375;0.37890625;0.18359375;0.056640625;0.0234375;0.01171875;0.01171875;0.01171875;0.015625;0.01953125;0.01171875;0.7
49;49;81.57;0.15625;0.421875;0.4453125;0.65625;0.59765625;0.59375;0.37890625;0.1953125;0.05859375;0.0234375;0.01171875;0.01171875;0.01171875;0.017578125;0.01953125;0.01171875;0.7;0.15625;0.421875;0.4375;0.640625;0.59375;0.58984375;0.37890625;0.1875;0.056640625;0.0234375;0.01171875;0.01171875;0.01171875;0.017578125;0.01953125;0.009765625;0.7
50;50;80.0;0.15625;0.421875;0.4453125;0.65625;0.60546875;0.59375;0.3828125;0.1875;0.05859375;0.0234375;0.01171875;0.01171875;0.01171875;0.017578125;0.01953125;0.009765625;0.7;0.15625;0.421875;0.4296875;0.6328125;0.59765625;0.5859375;0.38671875;0.1875;0.056640625;0.0234375;0.01171875;0.01171875;0.01171875;0.017578125;0.01953125;0.009765625;0.7
51;51;83.78;0.15625;0.421875;0.4609375;0.671875;0.609375;0.6015625;0.38671875;0.19140625;0.056640625;0.021484375;0.01171875;0.009765625;0.01171875;0.015625;0.01953125;0.009765625;0.7;0.15625;0.4375;0.453125;0.6484375;0.6015625;0.59765625;0.3828125;0.18359375;0.0546875;0.0234375;0.01171875;0.009765625;0.01171875;0.015625;0.01953125;0.009765625;0.7
52;52;82.92;0.15625;0.421875;0.4609375;0.671875;0.61328125;0.61328125;0.39453125;0.203125;0.060546875;0.021484375;0.01171875;0.01171875;0.01171875;0.015625;0.01953125;0.01171875;0.7;0.171875;0.4375;0.4609375;0.6484375;0.609375;0.61328125;0.39453125;0.19921875;0.056640625;0.021484375;0.01171875;0.01171875;0.01171875;0.015625;0.01953125;0.009765625;0.7
53;53;73.83;0.15625;0.4375;0.4765625;0.671875;0.6171875;0.6171875;0.39453125;0.1875;0.05859375;0.021484375;0.01171875;0.01171875;0.01171875;0.015625;0.01953125;0.009765625;0.7;0.15625;0.4375;0.453125;0.640625;0.59765625;0.609375;0.39453125;0.19140625;0.0546875;0.021484375;0.01171875;0.01171875;0.01171875;0.015625;0.01953125;0.01171875;0.6
54;54;79.02;0.15625;0.421875;0.4609375;0.671875;0.61328125;0.62109375;0.40234375;0.19921875;0.060546875;0.0234375;0.01171875;0.01171875;0.01171875;0.015625;0.01953125;0.009765625;0.7;0.15625;0.4375;0.4453125;0.640625;0.609375;0.62109375;0.39453125;0.19140625;0.0546875;0.0234375;0.01171875;0.01171875;0.01171875;0.015625;0.01953125;0.009765625;0.7
55;55;77.5;0.15625;0.421875;0.46875;0.6796875;0.62109375;0.6328125;0.4140625;0.19921875;0.060546875;0.0234375;0.01171875;0.01171875;0.01171875;0.015625;0.01953125;0.009765625;0.7;0.15625;0.4375;0.453125;0.6640625;0.609375;0.62109375;0.40625;0.19140625;0.0546875;0.021484375;0.01171875;0.01171875;0.01171875;0.015625;0.017578125;0.009765625;0.7
56;56;84.35;0.15625;0.4375;0.4765625;0.6796875;0.62890625;0.640625;0.42578125;0.203125;0.060546875;0.0234375;0.01171875;0.01171875;0.013671875;0.015625;0.01953125;0.009765625;0.7;0.15625;0.4375;0.4609375;0.671875;0.62109375;0.640625;0.421875;0.19921875;0.05859375;0.0234375;0.01171875;0.01171875;0.013671875;0.015625;0.01953125;0.009765625;0.7
57;57;83.9;0.15625;0.4375;0.4765625;0.6796875;0.63671875;0.63671875;0.42578125;0.203125;0.060546875;0.0234375;0.01171875;0.01171875;0.013671875;0.015625;0.01953125;0.009765625;0.7;0.15625;0.4375;0.4609375;0.6640625;0.625;0.6328125;0.42578125;0.203125;0.056640625;0.0234375;0.01171875;0.01171875;0.013671875;0.015625;0.01953125;0.009765625;0.7
58;58;77.16;0.15625;0.4375;0.4765625;0.6875;0.640625;0.640625;0.4296875;0.203125;0.0625;0.0234375;0.01171875;0.01171875;0.01171875;0.015625;0.01953125;0.009765625;0.7;0.171875;0.453125;0.46875;0.671875;0.62890625;0.63671875;0.43359375;0.19921875;0.056640625;0.021484375;0.01171875;0.009765625;0.01171875;0.015625;0.01953125;0.009765625;0.7
59;59;82.82;0.15625;0.421875;0.46875;0.6796875;0.62890625;0.6484375;0.43359375;0.21484375;0.0625;0.0234375;0.01171875;0.01171875;0.01171875;0.015625;0.01953125;0.009765625;0.7;0.15625;0.4375;0.4609375;0.6640625;0.62890625;0.64453125;0.4375;0.21484375;0.05859375;0.021484375;0.01171875;0.01171875;0.01171875;0.015625;0.01953125;0.009765625;0.7
60;60;85.5;0.15625;0.421875;0.4765625;0.6875;0.64453125;0.65625;0.4453125;0.21484375;0.060546875;0.0234375;0.01171875;0.01171875;0.01171875;0.015625;0.01953125;0.009765625;0.7;0.15625;0.4375;0.46875;0.6640625;0.640625;0.65625;0.44140625;0.203125;0.056640625;0.0234375;0.01171875;0.01171875;0.01171875;0.015625;0.01953125;0.009765625;0.7
61;61;81.14;0.15625;0.4375;0.4765625;0.6875;0.6484375;0.6640625;0.4453125;0.2109375;0.060546875;0.0234375;0.01171875;0.01171875;0.01171875;0.015625;0.01953125;0.009765625;0.7;0.15625;0.4375;0.46875;0.671875;0.640625;0.65625;0.44921875;0.2109375;0.056640625;0.0234375;0.01171875;0.01171875;0.01171875;0.015625;0.01953125;0.009765625;0.7
62;62;81.66;0.15625;0.453125;0.484375;0.6953125;0.66015625;0.671875;0.44921875;0.22265625;0.0625;0.0234375;0.01171875;0.01171875;0.013671875;0.015625;0.01953125;0.009765625;0.7;0.171875;0.453125;0.46875;0.6796875;0.65234375;0.66796875;0.453125;0.21875;0.05859375;0.0234375;0.01171875;0.01171875;0.013671875;0.015625;0.017578125;0.009765625;0.7
63;63;84.89;0.15625;0.453125;0.484375;0.6953125;0.6640625;0.6796875;0.4609375;0.21484375;0.064453125;0.0234375;0.01171875;0.013671875;0.01171875;0.015625;0.01953125;0.009765625;0.7;0.171875;0.453125;0.46875;0.6875;0.6484375;0.67578125;0.4609375;0.22265625;0.060546875;0.0234375;0.01171875;0.01171875;0.01171875;0.015625;0.01953125;0.009765625;0.7
64;64;86.94;0.15625;0.4375;0.484375;0.6875;0.65625;0.671875;0.453125;0.21875;0.0625;0.0234375;0.01171875;0.013671875;0.013671875;0.015625;0.01953125;0.009765625;0.7;0.171875;0.453125;0.4765625;0.671875;0.65234375;0.67578125;0.453125;0.21484375;0.060546875;0.0234375;0.01171875;0.013671875;0.01171875;0.015625;0.01953125;0.009765625;0.7
65;65;86.54;0.15625;0.4375;0.4765625;0.6953125;0.6640625;0.6796875;0.46875;0.2265625;0.064453125;0.0234375;0.01171875;0.013671875;0.013671875;0.015625;0.01953125;0.01171875;0.7;0.171875;0.453125;0.46875;0.671875;0.65625;0.68359375;0.46875;0.21875;0.060546875;0.025390625;0.01171875;0.013671875;0.013671875;0.015625;0.01953125;0.009765625;0.7
66;66;86.6;0.15625;0.4375;0.4921875;0.703125;0.671875;0.69140625;0.48828125;0.23046875;0.064453125;0.025390625;0.01171875;0.013671875;0.013671875;0.015625;0.01953125;0.01171875;0.7;0.15625;0.453125;0.4765625;0.6953125;0.671875;0.6875;0.48828125;0.234375;0.0625;0.025390625;0.01171875;0.01171875;0.01171875;0.015625;0.01953125;0.01171875;0.7
67;67;86.44;0.15625;0.4375;0.4921875;0.703125;0.67578125;0.6953125;0.4921875;0.2265625;0.06640625;0.025390625;0.01171875;0.013671875;0.013671875;0.015625;0.01953125;0.009765625;0.7;0.15625;0.453125;0.4765625;0.6953125;0.6640625;0.69140625;0.484375;0.22265625;0.060546875;0.025390625;0.01171875;0.01171875;0.013671875;0.015625;0.01953125;0.009765625;0.7
68;68;86.18;0.15625;0.4375;0.484375;0.703125;0.66796875;0.69921875;0.48828125;0.2265625;0.064453125;0.025390625;0.01171875;0.013671875;0.013671875;0.015625;0.01953125;0.01171875;0.7;0.15625;0.453125;0.46875;0.6875;0.65625;0.6953125;0.48828125;0.21875;0.060546875;0.025390625;0.01171875;0.01171875;0.01171875;0.015625;0.017578125;0.009765625;0.7
69;69;86.68;0.15625;0.4375;0.5;0.7109375;0.6796875;0.703125;0.5;0.234375;0.064453125;0.025390625;0.01171875;0.013671875;0.013671875;0.015625;0.01953125;0.01171875;0.7;0.171875;0.453125;0.484375;0.6875;0.66796875;0.703125;0.5;0.234375;0.0625;0.0234375;0.009765625;0.01171875;0.01171875;0.015625;0.01953125;0.01171875;0.7
70;70;89.4;0.15625;0.453125;0.5;0.703125;0.67578125;0.70703125;0.5;0.234375;0.06640625;0.025390625;0.01171875;0.01171875;0.01171875;0.015625;0.01953125;0.01171875;0.7;0.171875;0.46875;0.484375;0.6875;0.66796875;0.7109375;0.50390625;0.23046875;0.0625;0.025390625;0.01171875;0.01171875;0.01171875;0.015625;0.017578125;0.01171875;0.7
71;71;87.89;0.15625;0.4375;0.4921875;0.703125;0.68359375;0.7109375;0.51171875;0.234375;0.06640625;0.02734375;0.01171875;0.01171875;0.013671875;0.015625;0.017578125;0.01171875;0.7;0.171875;0.453125;0.484375;0.6953125;0.6796875;0.7109375;0.51171875;0.234375;0.0625;0.025390625;0.01171875;0.01171875;0.01171875;0.015625;0.017578125;0.01171875;0.7
72;72;88.07;0.15625;0.453125;0.5;0.7109375;0.69140625;0.71875;0.515625;0.23046875;0.068359375;0.02734375;0.01171875;0.01171875;0.013671875;0.015625;0.017578125;0.009765625;0.7;0.15625;0.453125;0.4921875;0.6953125;0.6796875;0.71484375;0.51953125;0.23828125;0.0625;0.02734375;0.01171875;0.01171875;0.01171875;0.015625;0.017578125;0.01171875;0.7
73;73;88.65;0.15625;0.4375;0.5;0.7109375;0.6875;0.71484375;0.5234375;0.23828125;0.068359375;0.02734375;0.01171875;0.01171875;0.01171875;0.015625;0.01953125;0.01171875;0.7;0.171875;0.453125;0.484375;0.6953125;0.68359375;0.71875;0.52734375;0.2421875;0.06640625;0.02734375;0.009765625;0.01171875;0.01171875;0.015625;0.017578125;0.009765625;0.7
74;74;88.23;0.15625;0.453125;0.5078125;0.71875;0.69140625;0.71875;0.5234375;0.23828125;0.068359375;0.02734375;0.01171875;0.01171875;0.013671875;0.015625;0.01953125;0.01171875;0.7;0.171875;0.453125;0.5;0.6953125;0.6875;0.72265625;0.52734375;0.2421875;0.064453125;0.02734375;0.01171875;0.01171875;0.01171875;0.013671875;0.017578125;0.01171875;0.7
75;75;88.02;0.15625;0.453125;0.5;0.71875;0.6953125;0.73046875;0.53125;0.24609375;0.0703125;0.02734375;0.01171875;0.01171875;0.013671875;0.015625;0.01953125;0.01171875;0.7;0.171875;0.453125;0.4921875;0.7109375;0.6875;0.7265625;0.5390625;0.25;0.06640625;0.02734375;0.01171875;0.01171875;0.013671875;0.015625;0.017578125;0.01171875;0.7
76;76;90.1;0.15625;0.453125;0.5078125;0.71875;0.6953125;0.734375;0.54296875;0.25;0.068359375;0.029296875;0.01171875;0.013671875;0.013671875;0.015625;0.01953125;0.01171875;0.7;0.171875;0.46875;0.4921875;0.703125;0.69140625;0.73828125;0.54296875;0.25390625;0.06640625;0.029296875;0.01171875;0.013671875;0.013671875;0.015625;0.01953125;0.01171875;0.7
77;77;89.62;0.15625;0.453125;0.5078125;0.7265625;0.703125;0.73828125;0.546875;0.25390625;0.068359375;0.02734375;0.01171875;0.01171875;0.013671875;0.015625;0.017578125;0.01171875;0.7;0.171875;0.46875;0.4921875;0.703125;0.6953125;0.73828125;0.55078125;0.265625;0.06640625;0.02734375;0.009765625;0.01171875;0.013671875;0.015625;0.017578125;0.01171875;0.7
78;78;90.33;0.15625;0.453125;0.5078125;0.7265625;0.703125;0.7421875;0.55078125;0.2578125;0.0703125;0.029296875;0.01171875;0.01171875;0.013671875;0.015625;0.017578125;0.01171875;0.7;0.171875;0.46875;0.5;0.71875;0.69921875;0.7421875;0.5546875;0.26171875;0.068359375;0.029296875;0.009765625;0.01171875;0.013671875;0.015625;0.017578125;0.01171875;0.7
79;79;89.92;0.15625;0.453125;0.5078125;0.7265625;0.70703125;0.74609375;0.5546875;0.2578125;0.0703125;0.029296875;0.01171875;0.01171875;0.013671875;0.015625;0.017578125;0.01171875;0.7;0.171875;0.453125;0.5;0.7109375;0.69921875;0.74609375;0.5625;0.265625;0.0703125;0.029296875;0.01171875;0.01171875;0.01171875;0.015625;0.01953125;0.013671875;0.7
80;80;89.7;0.15625;0.453125;0.5078125;0.734375;0.703125;0.74609375;0.5546875;0.26953125;0.072265625;0.03125;0.01171875;0.01171875;0.013671875;0.015625;0.017578125;0.013671875;0.7;0.171875;0.46875;0.5;0.7109375;0.703125;0.75;0.56640625;0.26953125;0.068359375;0.029296875;0.01171875;0.01171875;0.013671875;0.015625;0.017578125;0.01171875;0.7
81;81;91.18;0.15625;0.453125;0.515625;0.734375;0.71875;0.75390625;0.5625;0.26171875;0.0703125;0.029296875;0.01171875;0.01171875;0.01171875;0.015625;0.017578125;0.013671875;0.7;0.171875;0.46875;0.5078125;0.71875;0.70703125;0.75;0.5625;0.265625;0.068359375;0.029296875;0.01171875;0.01171875;0.01171875;0.015625;0.017578125;0.013671875;0.7
82;82;90.51;0.15625;0.453125;0.515625;0.7421875;0.71484375;0.7578125;0.56640625;0.26953125;0.07421875;0.03125;0.01171875;0.01171875;0.013671875;0.015625;0.017578125;0.013671875;0.7;0.171875;0.46875;0.5078125;0.71875;0.70703125;0.7578125;0.5703125;0.2734375;0.0703125;0.03125;0.01171875;0.01171875;0.01171875;0.015625;0.017578125;0.013671875;0.7
83;83;91.01;0.15625;0.453125;0.515625;0.7421875;0.71484375;0.76171875;0.5703125;0.2734375;0.072265625;0.033203125;0.01171875;0.01171875;0.013671875;0.015625;0.017578125;0.013671875;0.7;0.171875;0.46875;0.5;0.7265625;0.7109375;0.7578125;0.57421875;0.27734375;0.0703125;0.03125;0.01171875;0.01171875;0.013671875;0.015625;0.017578125;0.013671875;0.7
84;84;91.93;0.15625;0.453125;0.515625;0.7421875;0.71484375;0.76171875;0.5703125;0.2734375;0.07421875;0.033203125;0.01171875;0.01171875;0.013671875;0.015625;0.017578125;0.013671875;0.7;0.171875;0.46875;0.5078125;0.7265625;0.71484375;0.76171875;0.58203125;0.28125;0.072265625;0.033203125;0.01171875;0.01171875;0.013671875;0.015625;0.017578125;0.013671875;0.7
85;85;91.74;0.15625;0.453125;0.515625;0.7421875;0.71875;0.76171875;0.578125;0.27734375;0.07421875;0.033203125;0.01171875;0.01171875;0.013671875;0.015625;0.017578125;0.013671875;0.7;0.171875;0.46875;0.5;0.7265625;0.71484375;0.76171875;0.58203125;0.28125;0.072265625;0.033203125;0.009765625;0.01171875;0.01171875;0.015625;0.017578125;0.013671875;0.7
86;86;91.97;0.15625;0.453125;0.515625;0.7421875;0.72265625;0.765625;0.5859375;0.28125;0.078125;0.033203125;0.01171875;0.01171875;0.013671875;0.015625;0.017578125;0.013671875;0.7;0.171875;0.46875;0.5;0.7265625;0.71875;0.765625;0.5859375;0.28125;0.072265625;0.033203125;0.009765625;0.01171875;0.01171875;0.015625;0.017578125;0.013671875;0.7
87;87;92.38;0.15625;0.453125;0.515625;0.75;0.7265625;0.76953125;0.58203125;0.2734375;0.07421875;0.033203125;0.01171875;0.01171875;0.013671875;0.015625;0.017578125;0.015625;0.8;0.171875;0.46875;0.5078125;0.734375;0.71875;0.76953125;0.5859375;0.28515625;0.072265625;0.033203125;0.01171875;0.01171875;0.01171875;0.015625;0.017578125;0.013671875;0.7
88;88;92.58;0.15625;0.453125;0.515625;0.75;0.72265625;0.76171875;0.578125;0.27734375;0.076171875;0.03515625;0.01171875;0.01171875;0.013671875;0.015625;0.017578125;0.015625;0.8;0.171875;0.46875;0.5078125;0.734375;0.71875;0.76953125;0.58984375;0.2890625;0.07421875;0.033203125;0.009765625;0.01171875;0.01171875;0.015625;0.017578125;0.013671875;0.7
89;89;92.79;0.15625;0.453125;0.515625;0.75;0.72265625;0.765625;0.578125;0.28125;0.076171875;0.033203125;0.01171875;0.01171875;0.013671875;0.015625;0.017578125;0.015625;0.7;0.171875;0.46875;0.5078125;0.734375;0.71875;0.76953125;0.58984375;0.28515625;0.07421875;0.033203125;0.01171875;0.01171875;0.01171875;0.015625;0.017578125;0.015625;0.7
90;90;93.12;0.15625;0.453125;0.515625;0.75;0.72265625;0.765625;0.58203125;0.28125;0.076171875;0.03515625;0.01171875;0.01171875;0.01171875;0.015625;0.017578125;0.015625;0.8;0.171875;0.46875;0.5078125;0.734375;0.71875;0.76953125;0.58984375;0.2890625;0.07421875;0.033203125;0.009765625;0.01171875;0.01171875;0.015625;0.017578125;0.015625;0.7
91;91;93.06;0.15625;0.453125;0.5234375;0.75;0.72265625;0.765625;0.58203125;0.28125;0.076171875;0.033203125;0.01171875;0.01171875;0.01171875;0.015625;0.017578125;0.015625;0.8;0.171875;0.46875;0.5078125;0.734375;0.71875;0.76953125;0.59375;0.2890625;0.07421875;0.033203125;0.009765625;0.01171875;0.01171875;0.015625;0.017578125;0.015625;0.7
92;92;93.03;0.15625;0.453125;0.515625;0.75;0.7265625;0.765625;0.58203125;0.28125;0.076171875;0.03515625;0.01171875;0.01171875;0.01171875;0.015625;0.017578125;0.015625;0.8;0.171875;0.46875;0.5078125;0.734375;0.72265625;0.7734375;0.59375;0.2890625;0.07421875;0.03515625;0.009765625;0.01171875;0.01171875;0.015625;0.017578125;0.015625;0.7
93;93;93.12;0.15625;0.46875;0.5234375;0.75;0.7265625;0.76953125;0.5859375;0.28125;0.076171875;0.03515625;0.01171875;0.01171875;0.013671875;0.015625;0.017578125;0.015625;0.8;0.171875;0.46875;0.5078125;0.734375;0.72265625;0.7734375;0.59375;0.2890625;0.07421875;0.03515625;0.009765625;0.01171875;0.01171875;0.015625;0.017578125;0.015625;0.7
94;94;93.07;0.15625;0.46875;0.5234375;0.75;0.7265625;0.765625;0.58203125;0.28515625;0.078125;0.03515625;0.01171875;0.01171875;0.01171875;0.015625;0.017578125;0.015625;0.8;0.171875;0.46875;0.5078125;0.734375;0.72265625;0.7734375;0.59375;0.2890625;0.07421875;0.03515625;0.01171875;0.01171875;0.01171875;0.015625;0.017578125;0.015625;0.7
95;95;93.14;0.15625;0.46875;0.5234375;0.75;0.73046875;0.76953125;0.58203125;0.28125;0.078125;0.03515625;0.01171875;0.01171875;0.013671875;0.015625;0.017578125;0.015625;0.8;0.171875;0.46875;0.5078125;0.734375;0.72265625;0.7734375;0.59375;0.2890625;0.07421875;0.03515625;0.01171875;0.01171875;0.01171875;0.015625;0.017578125;0.015625;0.7
96;96;93.15;0.15625;0.453125;0.515625;0.75;0.72265625;0.765625;0.578125;0.28125;0.076171875;0.03515625;0.01171875;0.01171875;0.01171875;0.015625;0.017578125;0.015625;0.8;0.171875;0.46875;0.5078125;0.734375;0.72265625;0.7734375;0.59765625;0.2890625;0.07421875;0.03515625;0.01171875;0.01171875;0.01171875;0.015625;0.017578125;0.015625;0.7
97;97;93.12;0.15625;0.453125;0.515625;0.75;0.72265625;0.765625;0.58203125;0.28125;0.076171875;0.03515625;0.01171875;0.01171875;0.01171875;0.015625;0.017578125;0.015625;0.8;0.171875;0.46875;0.5078125;0.734375;0.72265625;0.7734375;0.59375;0.2890625;0.07421875;0.03515625;0.01171875;0.01171875;0.01171875;0.015625;0.017578125;0.015625;0.7
98;98;93.3;0.15625;0.453125;0.5234375;0.75;0.7265625;0.76953125;0.5859375;0.28125;0.078125;0.03515625;0.01171875;0.01171875;0.013671875;0.015625;0.017578125;0.015625;0.8;0.171875;0.46875;0.5078125;0.734375;0.72265625;0.7734375;0.59375;0.2890625;0.07421875;0.03515625;0.01171875;0.01171875;0.01171875;0.015625;0.017578125;0.015625;0.7
99;99;93.14;0.15625;0.453125;0.515625;0.75;0.7265625;0.76953125;0.58984375;0.27734375;0.076171875;0.03515625;0.01171875;0.01171875;0.013671875;0.015625;0.017578125;0.015625;0.7;0.171875;0.46875;0.5078125;0.734375;0.72265625;0.76953125;0.59375;0.2890625;0.07421875;0.03515625;0.01171875;0.01171875;0.01171875;0.015625;0.017578125;0.015625;0.7
