Epoch,sparse_flops,val_set_gradient_magnitude,val_accuracy,test_set_gradient_magnitude,test_accuracy,individual,sigma,Architecture,Pruner,Dataset,Pruning Rate
-1,73452768.0,0.5080470442771912,23.8,0.487425684928894,24.71,0,0.005,resnet18,GMP,cifar10,0.95
0,8887784928.0,0.4496367275714874,25.72,0.4303440153598785,26.28,0,0.005,resnet18,GMP,cifar10,0.95
10,97031106528.0,0.2385215610265731,64.42,0.2284999638795852,64.55,0,0.005,resnet18,GMP,cifar10,0.95
20,185174428128.0,0.1804674118757248,72.14,0.1845484673976898,71.76,0,0.005,resnet18,GMP,cifar10,0.95
30,273317749728.0,0.1786476969718933,70.3,0.1956606060266494,70.06,0,0.005,resnet18,GMP,cifar10,0.95
40,361461071328.0,0.2374712377786636,69.36,0.2367119640111923,69.47,0,0.005,resnet18,GMP,cifar10,0.95
50,449604392928.0,0.2461924850940704,71.28,0.2209379971027374,71.4,0,0.005,resnet18,GMP,cifar10,0.95
60,537747714528.0,0.5700610280036926,72.98,0.5878487825393677,72.64,0,0.005,resnet18,GMP,cifar10,0.95
70,625891036128.0,0.3948993384838104,75.08,0.2800810635089874,75.39,0,0.005,resnet18,GMP,cifar10,0.95
80,714034357728.0,0.372754842042923,77.82,0.5240978002548218,77.01,0,0.005,resnet18,GMP,cifar10,0.95
90,802177679328.0,0.3760943710803985,80.34,0.5334004163742065,78.44,0,0.005,resnet18,GMP,cifar10,0.95
100,890321000928.0,0.2700292766094208,81.24,0.3346492946147918,80.07,0,0.005,resnet18,GMP,cifar10,0.95
101,890321000928.0,0.2721639275550842,81.64,0.3346493244171142,80.07,0,0.005,resnet18,GMP,cifar10,0.95
-1,73383168.0,0.468620091676712,20.82,0.4698940515518188,20.89,1,0.005,resnet18,GMP,cifar10,0.95
0,8879363328.0,0.392085462808609,24.92,0.396666020154953,25.74,1,0.005,resnet18,GMP,cifar10,0.95
10,96939164928.0,0.1923538595438003,68.76,0.2139507830142974,67.97,1,0.005,resnet18,GMP,cifar10,0.95
20,184998966528.0,0.1694665700197219,73.64,0.1947114020586013,71.88,1,0.005,resnet18,GMP,cifar10,0.95
30,273058768128.0,0.1954703480005264,71.1,0.2484191060066223,69.58,1,0.005,resnet18,GMP,cifar10,0.95
40,361118569728.0,0.2323840707540512,70.36,0.355516105890274,69.5,1,0.005,resnet18,GMP,cifar10,0.95
50,449178371328.0,0.3232840299606323,72.24,0.2731021046638489,71.93,1,0.005,resnet18,GMP,cifar10,0.95
60,537238172928.0,0.2803920805454254,74.44,0.3267974853515625,73.85,1,0.005,resnet18,GMP,cifar10,0.95
70,625297974528.0,0.2413497120141983,76.9,0.4846067130565643,75.36,1,0.005,resnet18,GMP,cifar10,0.95
80,713357776128.0,0.398204505443573,79.1,0.5939202308654785,77.08,1,0.005,resnet18,GMP,cifar10,0.95
90,801417577728.0,0.2825214862823486,81.12,0.4509902000427246,79.17,1,0.005,resnet18,GMP,cifar10,0.95
100,889477379328.0,0.4840084314346313,81.84,0.6087360382080078,80.14,1,0.005,resnet18,GMP,cifar10,0.95
101,889477379328.0,0.4838230609893799,82.42,0.6087360382080078,80.14,1,0.005,resnet18,GMP,cifar10,0.95
-1,73313760.0,0.5399579405784607,21.8,0.5186309814453125,22.39,2,0.005,resnet18,GMP,cifar10,0.95
0,8870964960.0,0.473917692899704,23.08,0.4531357288360595,23.8,2,0.005,resnet18,GMP,cifar10,0.95
10,96847476960.0,0.223250538110733,61.46,0.214055597782135,63.26,2,0.005,resnet18,GMP,cifar10,0.95
20,184823988960.0,0.1842658668756485,72.4,0.1929491609334945,73.0,2,0.005,resnet18,GMP,cifar10,0.95
30,272800500960.0,0.205956757068634,69.52,0.229817733168602,71.53,2,0.005,resnet18,GMP,cifar10,0.95
40,360777012960.0,0.2363006770610809,69.94,0.2550593316555023,70.41,2,0.005,resnet18,GMP,cifar10,0.95
50,448753524960.0,0.2785765826702118,70.8,0.3227671682834625,71.44,2,0.005,resnet18,GMP,cifar10,0.95
60,536730036960.0,0.3282548189163208,73.04,0.4708135426044464,73.15,2,0.005,resnet18,GMP,cifar10,0.95
70,624706548960.0,0.2938513457775116,75.1,0.3288469314575195,75.27,2,0.005,resnet18,GMP,cifar10,0.95
80,712683060960.0,0.3886170387268066,77.72,0.5557575225830078,76.62,2,0.005,resnet18,GMP,cifar10,0.95
90,800659572960.0,0.4563592076301574,79.68,0.5963761806488037,78.54,2,0.005,resnet18,GMP,cifar10,0.95
100,888636084960.0,0.1646927148103714,81.26,0.3738072216510772,80.07,2,0.005,resnet18,GMP,cifar10,0.95
101,888636084960.0,0.2215527296066284,81.7,0.3738072216510772,80.07,2,0.005,resnet18,GMP,cifar10,0.95
-1,73333296.0,0.5113853812217712,20.78,0.5172290205955505,20.78,3,0.005,resnet18,GMP,cifar10,0.95
0,8873328816.0,0.429341971874237,23.8,0.4351264834403991,23.99,3,0.005,resnet18,GMP,cifar10,0.95
10,96873284016.0,0.1914082616567611,68.66,0.2033825516700744,68.31,3,0.005,resnet18,GMP,cifar10,0.95
20,184873239216.0,0.1669138967990875,70.72,0.1907785832881927,70.34,3,0.005,resnet18,GMP,cifar10,0.95
30,272873194416.0,0.2022026777267456,70.88,0.2350489646196365,69.76,3,0.005,resnet18,GMP,cifar10,0.95
40,360873149616.0,0.1889404654502868,70.66,0.3081108033657074,69.69,3,0.005,resnet18,GMP,cifar10,0.95
50,448873104816.0,0.1844194680452346,71.92,0.3035692572593689,71.03,3,0.005,resnet18,GMP,cifar10,0.95
60,536873060016.0,0.3539341390132904,73.82,0.2629700899124145,73.46,3,0.005,resnet18,GMP,cifar10,0.95
70,624873015216.0,0.2964592576026916,76.42,0.426994651556015,75.25,3,0.005,resnet18,GMP,cifar10,0.95
80,712872970416.0,0.3242226243019104,79.08,0.3788847327232361,77.15,3,0.005,resnet18,GMP,cifar10,0.95
90,800872925616.0,0.3253791332244873,80.72,0.431468665599823,78.34,3,0.005,resnet18,GMP,cifar10,0.95
100,888872880816.0,0.6213067770004272,81.46,0.9202800989151,78.89,3,0.005,resnet18,GMP,cifar10,0.95
101,888872880816.0,0.6113041639328003,82.16,0.9202800989151,78.89,3,0.005,resnet18,GMP,cifar10,0.95
-1,73407792.0,0.5289075374603271,20.62,0.5342807173728943,21.22,4,0.005,resnet18,GMP,cifar10,0.95
0,8882342832.0,0.4445125162601471,23.28,0.4532547891139984,23.19,4,0.005,resnet18,GMP,cifar10,0.95
10,96971693232.0,0.2011931389570236,65.0,0.2223768681287765,64.16,4,0.005,resnet18,GMP,cifar10,0.95
20,185061043632.0,0.175006479024887,69.58,0.2021722346544265,68.64,4,0.005,resnet18,GMP,cifar10,0.95
30,273150394032.0,0.2097663879394531,69.68,0.2447493076324463,69.83,4,0.005,resnet18,GMP,cifar10,0.95
40,361239744432.0,0.1729339063167572,70.64,0.2790911793708801,70.99,4,0.005,resnet18,GMP,cifar10,0.95
50,449329094832.0,0.4045539200305938,71.42,0.4409495294094085,71.68,4,0.005,resnet18,GMP,cifar10,0.95
60,537418445232.0,0.3152133822441101,74.0,0.4371510446071625,73.78,4,0.005,resnet18,GMP,cifar10,0.95
70,625507795632.0,0.426806777715683,76.26,0.5559799075126648,75.73,4,0.005,resnet18,GMP,cifar10,0.95
80,713597146032.0,0.4460285604000091,78.38,0.606547474861145,77.44,4,0.005,resnet18,GMP,cifar10,0.95
90,801686496432.0,0.2914955019950866,80.4,0.4233110547065735,79.18,4,0.005,resnet18,GMP,cifar10,0.95
100,889775846832.0,0.3298912942409515,82.4,0.4598516225814819,80.64,4,0.005,resnet18,GMP,cifar10,0.95
101,889775846832.0,0.3038123250007629,82.14,0.4598516225814819,80.64,4,0.005,resnet18,GMP,cifar10,0.95
-1,73406496.0,0.490266889333725,12.22,0.475333422422409,12.81,5,0.005,resnet18,GMP,cifar10,0.95
0,8882186016.0,0.4176480174064636,15.26,0.4051487743854522,16.57,5,0.005,resnet18,GMP,cifar10,0.95
10,96969981216.0,0.1983473300933838,68.46,0.2002133280038833,68.72,5,0.005,resnet18,GMP,cifar10,0.95
20,185057776416.0,0.1724545508623123,71.16,0.1865556836128235,71.71,5,0.005,resnet18,GMP,cifar10,0.95
30,273145571616.0,0.2018444091081619,69.4,0.2408667951822281,70.22,5,0.005,resnet18,GMP,cifar10,0.95
40,361233366816.0,0.1809059232473373,69.8,0.2291302531957626,70.34,5,0.005,resnet18,GMP,cifar10,0.95
50,449321162016.0,0.1916358321905136,71.5,0.2585844993591308,71.89,5,0.005,resnet18,GMP,cifar10,0.95
60,537408957216.0,0.2122517079114914,73.24,0.352164477109909,73.54,5,0.005,resnet18,GMP,cifar10,0.95
70,625496752416.0,0.3124737441539764,76.46,0.4540212154388428,75.54,5,0.005,resnet18,GMP,cifar10,0.95
80,713584547616.0,0.4873552024364471,78.26,0.6367539763450623,77.32,5,0.005,resnet18,GMP,cifar10,0.95
90,801672342816.0,0.2318224012851715,81.28,0.3741990625858307,79.31,5,0.005,resnet18,GMP,cifar10,0.95
100,889760138016.0,0.317851573228836,82.24,0.4987767040729522,80.69,5,0.005,resnet18,GMP,cifar10,0.95
101,889760138016.0,0.3347958624362945,82.2,0.4987766742706299,80.69,5,0.005,resnet18,GMP,cifar10,0.95
-1,73469328.0,0.5165876150131226,22.9,0.4924607276916504,23.19,6,0.005,resnet18,GMP,cifar10,0.95
0,8889788688.0,0.4545876383781433,26.08,0.430869311094284,26.35,6,0.005,resnet18,GMP,cifar10,0.95
10,97052982288.0,0.2271645814180374,69.32,0.2163703888654709,69.82,6,0.005,resnet18,GMP,cifar10,0.95
20,185216175888.0,0.1816765069961547,69.42,0.196663349866867,69.03,6,0.005,resnet18,GMP,cifar10,0.95
30,273379369488.0,0.1925044804811477,69.06,0.2335696667432785,68.96,6,0.005,resnet18,GMP,cifar10,0.95
40,361542563088.0,0.1635794937610626,70.4,0.262040913105011,70.99,6,0.005,resnet18,GMP,cifar10,0.95
50,449705756688.0,0.1612832695245742,72.52,0.3354339897632599,72.85,6,0.005,resnet18,GMP,cifar10,0.95
60,537868950288.0,0.2842191755771637,75.18,0.5062322020530701,74.4,6,0.005,resnet18,GMP,cifar10,0.95
70,626032143888.0,0.227734237909317,77.44,0.307233989238739,76.86,6,0.005,resnet18,GMP,cifar10,0.95
80,714195337488.0,0.3581136465072632,79.98,0.4368955194950104,78.36,6,0.005,resnet18,GMP,cifar10,0.95
90,802358531088.0,0.5532257556915283,81.08,0.5042282938957214,79.87,6,0.005,resnet18,GMP,cifar10,0.95
100,890521724688.0,0.4926480054855346,83.2,0.6204687356948853,80.79,6,0.005,resnet18,GMP,cifar10,0.95
101,890521724688.0,0.5196282267570496,82.02,0.6204687356948853,80.79,6,0.005,resnet18,GMP,cifar10,0.95
-1,73422816.0,0.528716504573822,16.78,0.5018219351768494,17.29,7,0.005,resnet18,GMP,cifar10,0.95
0,8884160736.0,0.4524066150188446,21.14,0.428659439086914,21.79,7,0.005,resnet18,GMP,cifar10,0.95
10,96991539936.0,0.2205190509557724,65.0,0.2208090275526046,64.66,7,0.005,resnet18,GMP,cifar10,0.95
20,185098919136.0,0.1854851096868515,70.88,0.2037851959466934,70.48,7,0.005,resnet18,GMP,cifar10,0.95
30,273206298336.0,0.2156383097171783,71.64,0.2479988932609558,71.17,7,0.005,resnet18,GMP,cifar10,0.95
40,361313677536.0,0.2020289897918701,71.0,0.3318428993225097,71.14,7,0.005,resnet18,GMP,cifar10,0.95
50,449421056736.0,0.2019438594579696,71.7,0.3486611247062683,72.13,7,0.005,resnet18,GMP,cifar10,0.95
60,537528435936.0,0.2706330716609955,74.02,0.5672461986541748,73.55,7,0.005,resnet18,GMP,cifar10,0.95
70,625635815136.0,0.3594777286052704,75.94,0.3675515949726105,75.82,7,0.005,resnet18,GMP,cifar10,0.95
80,713743194336.0,0.4024055898189544,77.8,0.5944378972053528,77.24,7,0.005,resnet18,GMP,cifar10,0.95
90,801850573536.0,0.3749551475048065,79.98,0.4504704177379608,78.79,7,0.005,resnet18,GMP,cifar10,0.95
100,889957952736.0,0.2705018222332001,81.74,0.5143001079559326,80.05,7,0.005,resnet18,GMP,cifar10,0.95
101,889957952736.0,0.2776583135128021,82.3,0.5143001079559326,80.05,7,0.005,resnet18,GMP,cifar10,0.95
-1,73280928.0,0.5566370487213135,19.08,0.53777015209198,19.07,8,0.005,resnet18,GMP,cifar10,0.95
0,8866992288.0,0.479854553937912,22.58,0.4619703292846679,22.49,8,0.005,resnet18,GMP,cifar10,0.95
10,96804105888.0,0.2156998664140701,65.5,0.2077160626649856,65.82,8,0.005,resnet18,GMP,cifar10,0.95
20,184741219488.0,0.1708862483501434,71.54,0.1780730485916137,70.93,8,0.005,resnet18,GMP,cifar10,0.95
30,272678333088.0,0.1883287578821182,69.62,0.2064035087823867,68.93,8,0.005,resnet18,GMP,cifar10,0.95
40,360615446688.0,0.1912663727998733,70.08,0.2306329756975174,69.79,8,0.005,resnet18,GMP,cifar10,0.95
50,448552560288.0,0.2278434634208679,72.5,0.3012620508670807,71.25,8,0.005,resnet18,GMP,cifar10,0.95
60,536489673888.0,0.2109200656414032,74.22,0.3345317840576172,73.31,8,0.005,resnet18,GMP,cifar10,0.95
70,624426787488.0,0.2586001753807068,76.78,0.4301887452602386,74.92,8,0.005,resnet18,GMP,cifar10,0.95
80,712363901088.0,0.323888748884201,78.96,0.2985691726207733,77.68,8,0.005,resnet18,GMP,cifar10,0.95
90,800301014688.0,0.2973051071166992,81.36,0.5143160820007324,78.82,8,0.005,resnet18,GMP,cifar10,0.95
100,888238128288.0,0.2978496253490448,82.56,0.4520173966884613,80.18,8,0.005,resnet18,GMP,cifar10,0.95
101,888238128288.0,0.2978744208812713,82.68,0.4520173966884613,80.18,8,0.005,resnet18,GMP,cifar10,0.95
-1,73432800.0,0.499319463968277,24.52,0.481291115283966,24.71,9,0.005,resnet18,GMP,cifar10,0.95
0,8885368800.0,0.435343325138092,26.1,0.4183090329170227,26.17,9,0.005,resnet18,GMP,cifar10,0.95
10,97004728800.0,0.2098580300807953,63.08,0.2041268646717071,64.28,9,0.005,resnet18,GMP,cifar10,0.95
20,185124088800.0,0.1671188026666641,70.14,0.1798792034387588,70.53,9,0.005,resnet18,GMP,cifar10,0.95
30,273243448800.0,0.1791438162326812,69.8,0.1995714902877807,70.27,9,0.005,resnet18,GMP,cifar10,0.95
40,361362808800.0,0.1950398981571197,69.38,0.2013635486364364,70.35,9,0.005,resnet18,GMP,cifar10,0.95
50,449482168800.0,0.1926820874214172,70.12,0.3515731990337372,70.66,9,0.005,resnet18,GMP,cifar10,0.95
60,537601528800.0,0.4751476645469665,71.86,0.4664894342422485,72.35,9,0.005,resnet18,GMP,cifar10,0.95
70,625720888800.0,0.2511083781719208,75.7,0.2910187244415283,74.39,9,0.005,resnet18,GMP,cifar10,0.95
80,713840248800.0,0.2685465216636657,77.54,0.3918412029743194,75.95,9,0.005,resnet18,GMP,cifar10,0.95
90,801959608800.0,0.2887341380119324,78.66,0.2887821495532989,77.8,9,0.005,resnet18,GMP,cifar10,0.95
100,890078968800.0,0.4039673209190368,80.1,0.1765590906143188,79.39,9,0.005,resnet18,GMP,cifar10,0.95
101,890078968800.0,0.403217613697052,79.98,0.1765590906143188,79.39,9,0.005,resnet18,GMP,cifar10,0.95
-1,73314672.0,0.5333603024482727,18.92,0.522674024105072,19.56,10,0.005,resnet18,GMP,cifar10,0.95
0,8871075312.0,0.4564022123813629,21.18,0.4472256004810333,22.89,10,0.005,resnet18,GMP,cifar10,0.95
10,96848681712.0,0.2116328179836273,68.48,0.2124059647321701,69.61,10,0.005,resnet18,GMP,cifar10,0.95
20,184826288112.0,0.16448275744915,73.64,0.1752224713563919,74.68,10,0.005,resnet18,GMP,cifar10,0.95
30,272803894512.0,0.1859590709209442,72.18,0.2045150697231292,73.15,10,0.005,resnet18,GMP,cifar10,0.95
40,360781500912.0,0.194719910621643,71.16,0.2054239511489868,72.99,10,0.005,resnet18,GMP,cifar10,0.95
50,448759107312.0,0.1910059154033661,72.3,0.3158747851848602,73.16,10,0.005,resnet18,GMP,cifar10,0.95
60,536736713712.0,0.1665841490030288,74.0,0.3133324980735779,74.98,10,0.005,resnet18,GMP,cifar10,0.95
70,624714320112.0,0.2281310707330703,76.68,0.3869929313659668,76.83,10,0.005,resnet18,GMP,cifar10,0.95
80,712691926512.0,0.3780857026576996,78.4,0.4194406867027282,78.69,10,0.005,resnet18,GMP,cifar10,0.95
90,800669532912.0,0.2148355543613433,81.38,0.3848764598369598,80.72,10,0.005,resnet18,GMP,cifar10,0.95
100,888647139312.0,0.5022063255310059,82.76,0.5401668548583984,81.63,10,0.005,resnet18,GMP,cifar10,0.95
101,888647139312.0,0.5130095481872559,82.58,0.5401668548583984,81.63,10,0.005,resnet18,GMP,cifar10,0.95
-1,73460592.0,0.5133970379829407,20.64,0.5225136876106262,20.15,11,0.005,resnet18,GMP,cifar10,0.95
0,8888731632.0,0.4309199452400207,25.02,0.4403062164783478,24.57,11,0.005,resnet18,GMP,cifar10,0.95
10,97041442032.0,0.195703774690628,64.36,0.2179932743310928,65.37,11,0.005,resnet18,GMP,cifar10,0.95
20,185194152432.0,0.1800343990325927,70.26,0.1995215117931366,69.71,11,0.005,resnet18,GMP,cifar10,0.95
30,273346862832.0,0.2095576077699661,68.82,0.2285553365945816,68.87,11,0.005,resnet18,GMP,cifar10,0.95
40,361499573232.0,0.2172717899084091,68.64,0.2738161385059356,69.03,11,0.005,resnet18,GMP,cifar10,0.95
50,449652283632.0,0.2336147427558899,71.16,0.3891144096851349,71.08,11,0.005,resnet18,GMP,cifar10,0.95
60,537804994032.0,0.2432548105716705,73.3,0.4004387259483337,73.37,11,0.005,resnet18,GMP,cifar10,0.95
70,625957704432.0,0.4181866645812988,75.86,0.6131470799446106,74.68,11,0.005,resnet18,GMP,cifar10,0.95
80,714110414832.0,0.3732483088970184,77.8,0.3823899626731872,77.1,11,0.005,resnet18,GMP,cifar10,0.95
90,802263125232.0,0.2959010004997253,79.86,0.3650435209274292,78.96,11,0.005,resnet18,GMP,cifar10,0.95
100,890415835632.0,0.4095105826854706,81.96,0.5870093107223511,79.75,11,0.005,resnet18,GMP,cifar10,0.95
101,890415835632.0,0.3937398493289947,82.0,0.5870093107223511,79.75,11,0.005,resnet18,GMP,cifar10,0.95
-1,73306176.0,0.5434711575508118,19.4,0.5421369075775146,19.0,12,0.005,resnet18,GMP,cifar10,0.95
0,8870047296.0,0.4593766927719116,23.7,0.4578620791435241,23.56,12,0.005,resnet18,GMP,cifar10,0.95
10,96837458496.0,0.2150202691555023,65.76,0.2220320999622345,65.39,12,0.005,resnet18,GMP,cifar10,0.95
20,184804869696.0,0.1771446764469146,70.7,0.193670853972435,70.29,12,0.005,resnet18,GMP,cifar10,0.95
30,272772280896.0,0.1917395740747451,71.1,0.2065332233905792,70.59,12,0.005,resnet18,GMP,cifar10,0.95
40,360739692096.0,0.1752508729696273,71.2,0.1967916488647461,70.47,12,0.005,resnet18,GMP,cifar10,0.95
50,448707103296.0,0.2907913625240326,71.8,0.2513801157474518,70.97,12,0.005,resnet18,GMP,cifar10,0.95
60,536674514496.0,0.2676176130771637,73.38,0.3194474279880523,72.45,12,0.005,resnet18,GMP,cifar10,0.95
70,624641925696.0,0.2885011732578277,76.28,0.3447940945625305,74.76,12,0.005,resnet18,GMP,cifar10,0.95
80,712609336896.0,0.4001897275447845,78.42,0.4553654491901397,76.35,12,0.005,resnet18,GMP,cifar10,0.95
90,800576748096.0,0.2602665424346924,80.12,0.3270576894283294,78.6,12,0.005,resnet18,GMP,cifar10,0.95
100,888544159296.0,0.2861458361148834,81.96,0.3370302021503448,80.09,12,0.005,resnet18,GMP,cifar10,0.95
101,888544159296.0,0.2860444188117981,82.92,0.3370302021503448,80.09,12,0.005,resnet18,GMP,cifar10,0.95
-1,73312848.0,0.6226062178611755,22.42,0.6099664568901062,22.89,13,0.005,resnet18,GMP,cifar10,0.95
0,8870854608.0,0.5313706994056702,24.5,0.5195643901824951,24.57,13,0.005,resnet18,GMP,cifar10,0.95
10,96846272208.0,0.2419669926166534,67.92,0.2388237416744232,68.68,13,0.005,resnet18,GMP,cifar10,0.95
20,184821689808.0,0.184829980134964,75.32,0.1976782381534576,74.27,13,0.005,resnet18,GMP,cifar10,0.95
30,272797107408.0,0.1986254304647445,72.56,0.2281955033540725,71.63,13,0.005,resnet18,GMP,cifar10,0.95
40,360772525008.0,0.2478934377431869,71.74,0.3011731505393982,71.49,13,0.005,resnet18,GMP,cifar10,0.95
50,448747942608.0,0.3269708752632141,72.82,0.5029608607292175,72.01,13,0.005,resnet18,GMP,cifar10,0.95
60,536723360208.0,0.2315255105495453,76.1,0.2949847877025604,74.62,13,0.005,resnet18,GMP,cifar10,0.95
70,624698777808.0,0.3023652732372284,77.86,0.4377792477607727,76.57,13,0.005,resnet18,GMP,cifar10,0.95
80,712674195408.0,0.312747061252594,79.84,0.2438939958810806,78.93,13,0.005,resnet18,GMP,cifar10,0.95
90,800649613008.0,0.2793351113796234,81.32,0.3769241571426391,80.17,13,0.005,resnet18,GMP,cifar10,0.95
100,888625030608.0,0.5483708381652832,82.42,0.5665296316146851,81.12,13,0.005,resnet18,GMP,cifar10,0.95
101,888625030608.0,0.5300289392471313,82.62,0.5665296316146851,81.12,13,0.005,resnet18,GMP,cifar10,0.95
-1,73491456.0,0.4936541616916656,19.6,0.4662069082260132,19.7,14,0.005,resnet18,GMP,cifar10,0.95
0,8892466176.0,0.4301158189773559,22.38,0.4033235907554626,23.5,14,0.005,resnet18,GMP,cifar10,0.95
10,97082213376.0,0.2083866745233535,63.62,0.1972306221723556,64.82,14,0.005,resnet18,GMP,cifar10,0.95
20,185271960576.0,0.1780219227075576,70.4,0.1992178559303283,69.9,14,0.005,resnet18,GMP,cifar10,0.95
30,273461707776.0,0.2170542925596237,69.7,0.2788260877132416,69.48,14,0.005,resnet18,GMP,cifar10,0.95
40,361651454976.0,0.1770069003105163,70.64,0.267240822315216,71.15,14,0.005,resnet18,GMP,cifar10,0.95
50,449841202176.0,0.2040702104568481,71.8,0.3537772893905639,72.33,14,0.005,resnet18,GMP,cifar10,0.95
60,538030949376.0,0.2136099636554718,74.44,0.4303915500640869,73.96,14,0.005,resnet18,GMP,cifar10,0.95
70,626220696576.0,0.4263391494750976,76.18,0.5746651291847229,75.18,14,0.005,resnet18,GMP,cifar10,0.95
80,714410443776.0,0.2935851812362671,78.7,0.3898864090442657,77.53,14,0.005,resnet18,GMP,cifar10,0.95
90,802600190976.0,0.295001745223999,80.4,0.4481253623962402,79.44,14,0.005,resnet18,GMP,cifar10,0.95
100,890789938176.0,0.4259317815303802,82.2,0.4332929849624634,80.56,14,0.005,resnet18,GMP,cifar10,0.95
101,890789938176.0,0.4343742132186889,81.54,0.4332930147647857,80.56,14,0.005,resnet18,GMP,cifar10,0.95
-1,73247184.0,0.5393736958503723,18.18,0.530298113822937,18.45,15,0.005,resnet18,GMP,cifar10,0.95
0,8862909264.0,0.4606961607933044,21.54,0.4530702233314514,21.56,15,0.005,resnet18,GMP,cifar10,0.95
10,96759530064.0,0.2185214310884475,60.22,0.223438024520874,60.38,15,0.005,resnet18,GMP,cifar10,0.95
20,184656150864.0,0.1975617855787277,70.32,0.2123162597417831,69.79,15,0.005,resnet18,GMP,cifar10,0.95
30,272552771664.0,0.2004751563072204,70.78,0.2577528059482574,70.16,15,0.005,resnet18,GMP,cifar10,0.95
40,360449392464.0,0.283208817243576,71.38,0.3982866108417511,70.57,15,0.005,resnet18,GMP,cifar10,0.95
50,448346013264.0,0.3023794889450073,73.26,0.4779976308345794,72.78,15,0.005,resnet18,GMP,cifar10,0.95
60,536242634064.0,0.2125425785779953,75.26,0.4215451776981354,74.69,15,0.005,resnet18,GMP,cifar10,0.95
70,624139254864.0,0.3355414569377899,77.08,0.4941442310810089,76.34,15,0.005,resnet18,GMP,cifar10,0.95
80,712035875664.0,0.4347135126590729,79.48,0.44814532995224,78.36,15,0.005,resnet18,GMP,cifar10,0.95
90,799932496464.0,0.3683099448680877,81.7,0.5300642848014832,79.5,15,0.005,resnet18,GMP,cifar10,0.95
100,887829117264.0,0.6618424654006958,82.24,0.6823496222496033,80.27,15,0.005,resnet18,GMP,cifar10,0.95
101,887829117264.0,0.6690255999565125,82.36,0.6823496222496033,80.27,15,0.005,resnet18,GMP,cifar10,0.95
-1,73393008.0,0.6411755681037903,9.78,0.607054591178894,10.31,16,0.005,resnet18,GMP,cifar10,0.95
0,8880553968.0,0.5288098454475403,12.34,0.4955191612243652,12.98,16,0.005,resnet18,GMP,cifar10,0.95
10,96952163568.0,0.24039326608181,63.56,0.2228820323944091,64.09,16,0.005,resnet18,GMP,cifar10,0.95
20,185023773168.0,0.1753679364919662,71.74,0.1799346804618835,70.58,16,0.005,resnet18,GMP,cifar10,0.95
30,273095382768.0,0.1878737062215805,69.46,0.2192492634057998,69.01,16,0.005,resnet18,GMP,cifar10,0.95
40,361166992368.0,0.2090806066989898,70.66,0.2350938320159912,70.11,16,0.005,resnet18,GMP,cifar10,0.95
50,449238601968.0,0.2429704517126083,72.16,0.3789158165454864,71.03,16,0.005,resnet18,GMP,cifar10,0.95
60,537310211568.0,0.3182685375213623,74.18,0.4656148254871368,72.69,16,0.005,resnet18,GMP,cifar10,0.95
70,625381821168.0,0.2523583471775055,76.58,0.4222047030925751,75.14,16,0.005,resnet18,GMP,cifar10,0.95
80,713453430768.0,0.3207751512527466,78.82,0.4510208070278168,76.7,16,0.005,resnet18,GMP,cifar10,0.95
90,801525040368.0,0.5485401749610901,79.8,0.5986553430557251,78.01,16,0.005,resnet18,GMP,cifar10,0.95
100,889596649968.0,0.3695423007011413,82.26,0.5050105452537537,79.52,16,0.005,resnet18,GMP,cifar10,0.95
101,889596649968.0,0.3549891412258148,82.54,0.5050105452537537,79.52,16,0.005,resnet18,GMP,cifar10,0.95
-1,73356960.0,0.5451538562774658,14.54,0.5200655460357666,14.69,17,0.005,resnet18,GMP,cifar10,0.95
0,8876192160.0,0.4644971787929535,17.58,0.443613588809967,17.86,17,0.005,resnet18,GMP,cifar10,0.95
10,96904544160.0,0.221257746219635,65.3,0.2222387045621872,65.68,17,0.005,resnet18,GMP,cifar10,0.95
20,184932896160.0,0.1716792285442352,73.26,0.1994296014308929,71.67,17,0.005,resnet18,GMP,cifar10,0.95
30,272961248160.0,0.190994992852211,70.06,0.2534474432468414,68.59,17,0.005,resnet18,GMP,cifar10,0.95
40,360989600160.0,0.17155422270298,69.76,0.2642323076725006,69.53,17,0.005,resnet18,GMP,cifar10,0.95
50,449017952160.0,0.1959892809391021,70.42,0.3532339334487915,70.45,17,0.005,resnet18,GMP,cifar10,0.95
60,537046304160.0,0.3366872370243072,72.9,0.589495837688446,72.36,17,0.005,resnet18,GMP,cifar10,0.95
70,625074656160.0,0.1724588125944137,75.02,0.3830934464931488,74.79,17,0.005,resnet18,GMP,cifar10,0.95
80,713103008160.0,0.2838848233222961,77.32,0.2391233295202255,77.02,17,0.005,resnet18,GMP,cifar10,0.95
90,801131360160.0,0.3821740448474884,78.84,0.5896429419517517,77.68,17,0.005,resnet18,GMP,cifar10,0.95
100,889159712160.0,0.2872073352336883,81.26,0.3315610289573669,79.78,17,0.005,resnet18,GMP,cifar10,0.95
101,889159712160.0,0.2897854745388031,81.22,0.3315610587596893,79.78,17,0.005,resnet18,GMP,cifar10,0.95
-1,73365504.0,0.5145965218544006,10.78,0.5149611830711365,10.98,18,0.005,resnet18,GMP,cifar10,0.95
0,8877225984.0,0.4362141788005829,14.16,0.4383355379104614,14.17,18,0.005,resnet18,GMP,cifar10,0.95
10,96915830784.0,0.2057073563337326,62.72,0.2139083743095398,62.84,18,0.005,resnet18,GMP,cifar10,0.95
20,184954435584.0,0.1817126423120498,69.52,0.1865417957305908,69.82,18,0.005,resnet18,GMP,cifar10,0.95
30,272993040384.0,0.1924861669540405,71.54,0.2163480222225189,70.85,18,0.005,resnet18,GMP,cifar10,0.95
40,361031645184.0,0.1988234370946884,70.22,0.2074948996305465,69.89,18,0.005,resnet18,GMP,cifar10,0.95
50,449070249984.0,0.2233094722032547,72.3,0.2695305943489074,71.0,18,0.005,resnet18,GMP,cifar10,0.95
60,537108854784.0,0.2348740696907043,73.96,0.3718475997447967,72.84,18,0.005,resnet18,GMP,cifar10,0.95
70,625147459584.0,0.4752792119979858,76.14,0.6975498199462891,73.91,18,0.005,resnet18,GMP,cifar10,0.95
80,713186064384.0,0.394559234380722,78.34,0.3497869968414306,76.54,18,0.005,resnet18,GMP,cifar10,0.95
90,801224669184.0,0.4237251281738281,80.42,0.5130228400230408,78.07,18,0.005,resnet18,GMP,cifar10,0.95
100,889263273984.0,0.5409423112869263,80.86,0.8629086017608643,78.41,18,0.005,resnet18,GMP,cifar10,0.95
101,889263273984.0,0.535808265209198,81.18,0.8629086017608643,78.41,18,0.005,resnet18,GMP,cifar10,0.95
-1,73503888.0,0.5508373379707336,20.3,0.5419660210609436,20.2,19,0.005,resnet18,GMP,cifar10,0.95
0,8893970448.0,0.4551843106746673,23.22,0.4499177634716034,23.2,19,0.005,resnet18,GMP,cifar10,0.95
10,97098636048.0,0.2047579437494278,66.8,0.2093269228935241,68.28,19,0.005,resnet18,GMP,cifar10,0.95
20,185303301648.0,0.1707773506641388,71.06,0.1884101331233978,71.5,19,0.005,resnet18,GMP,cifar10,0.95
30,273507967248.0,0.1831890940666198,70.92,0.2096067517995834,71.86,19,0.005,resnet18,GMP,cifar10,0.95
40,361712632848.0,0.2033462077379226,70.06,0.2172589153051376,71.09,19,0.005,resnet18,GMP,cifar10,0.95
50,449917298448.0,0.2448412328958511,70.92,0.4734433889389038,71.42,19,0.005,resnet18,GMP,cifar10,0.95
60,538121964048.0,0.3107048571109772,73.62,0.3989209532737732,73.53,19,0.005,resnet18,GMP,cifar10,0.95
70,626326629648.0,0.4010337293148041,75.42,0.2663264870643616,75.78,19,0.005,resnet18,GMP,cifar10,0.95
80,714531295248.0,0.4643298089504242,77.44,0.5426115393638611,77.36,19,0.005,resnet18,GMP,cifar10,0.95
90,802735960848.0,0.4110884368419647,79.92,0.479044109582901,78.95,19,0.005,resnet18,GMP,cifar10,0.95
100,890940626448.0,0.4164290428161621,81.82,0.5306150913238525,80.22,19,0.005,resnet18,GMP,cifar10,0.95
101,890940626448.0,0.4176248610019684,81.74,0.5306150913238525,80.22,19,0.005,resnet18,GMP,cifar10,0.95
