Epoch,Prob 0 train accuracy,Prob 1 train accuracy,Prob 2 train accuracy,Prob 3 train accuracy,Prob 4 train accuracy,Prob 5 train accuracy,Prob 6 train accuracy,Prob 7 train accuracy,Prob 8 train accuracy,Prob 9 train accuracy,Prob 10 train accuracy,Prob 11 train accuracy,Prob 12 train accuracy,Prob 13 train accuracy,Prob 14 train accuracy,Prob 15 train accuracy,Prob 16 train accuracy,Prob 17 train accuracy,Prob 18 train accuracy,Prob 19 train accuracy,Prob 20 train accuracy,Prob 21 train accuracy,Prob 22 train accuracy,Prob 23 train accuracy,Prob 24 train accuracy,Prob 25 train accuracy,Prob 26 train accuracy,Prob 27 train accuracy,Prob 28 train accuracy,Prob 29 train accuracy,Prob 30 train accuracy,Prob 31 train accuracy,Prob 32 train accuracy,Prob 33 train accuracy,Prob 34 train accuracy,Prob 35 train accuracy,Prob 36 train accuracy,Prob 37 train accuracy,Prob 38 train accuracy,Prob 39 train accuracy,Prob 40 train accuracy,Prob 41 train accuracy,Prob 42 train accuracy,Prob 43 train accuracy,Prob 44 train accuracy,Prob 45 train accuracy,Prob 46 train accuracy,Prob 47 train accuracy,Prob 48 train accuracy,Prob 0 test accuracy,Prob 1 test accuracy,Prob 2 test accuracy,Prob 3 test accuracy,Prob 4 test accuracy,Prob 5 test accuracy,Prob 6 test accuracy,Prob 7 test accuracy,Prob 8 test accuracy,Prob 9 test accuracy,Prob 10 test accuracy,Prob 11 test accuracy,Prob 12 test accuracy,Prob 13 test accuracy,Prob 14 test accuracy,Prob 15 test accuracy,Prob 16 test accuracy,Prob 17 test accuracy,Prob 18 test accuracy,Prob 19 test accuracy,Prob 20 test accuracy,Prob 21 test accuracy,Prob 22 test accuracy,Prob 23 test accuracy,Prob 24 test accuracy,Prob 25 test accuracy,Prob 26 test accuracy,Prob 27 test accuracy,Prob 28 test accuracy,Prob 29 test accuracy,Prob 30 test accuracy,Prob 31 test accuracy,Prob 32 test accuracy,Prob 33 test accuracy,Prob 34 test accuracy,Prob 35 test accuracy,Prob 36 test accuracy,Prob 37 test accuracy,Prob 38 test accuracy,Prob 39 test accuracy,Prob 40 test accuracy,Prob 41 test accuracy,Prob 42 test accuracy,Prob 43 test accuracy,Prob 44 test accuracy,Prob 45 test accuracy,Prob 46 test accuracy,Prob 47 test accuracy,Prob 48 test accuracy,Final test accuracy
0,1.507368421012477,0.6810526315387927,0.6,2.235789473603901,0.6778947368421052,0.5378947368421053,2.150526315749319,0.7273684210526316,0.5684210526315789,2.2526315789072138,1.0105263157894737,1.323157894736842,3.8136842104861612,1.909473684130217,1.7210526315387926,3.7231578946966875,1.0642105263157895,0.7210526315789474,3.66210526311774,1.151578947368421,0.7768421052631579,3.6147368420651085,2.196842105263158,3.6526315789473682,11.677894736761797,1.9031578946966874,1.1326315789473684,11.551578947288112,2.7263157893933747,2.32210526311774,12.196842105263158,2.56,1.9063157894736842,12.556842105182849,2.808421052631579,2.2736842105263158,13.18842105255127,2.8199999999598453,2.2399999999196907,14.050526315789474,12.73684210510254,30.02947368356805,54.886315789473684,30.798947367778577,33.351578946725944,66.09999999903629,38.43157894672595,47.334736842105265,72.49894736842106,2.19,0.96,1.04,3.78,0.69,0.56,3.53,0.94,0.5,3.76,1.54,1.87,5.36,1.89,2.2,6.1,1.36,0.78,6.09,1.92,1.1,6.05,3.71,4.85,14.11,1.56,1.46,13.98,3.67,2.98,14.35,3.17,3.25,14.59,5.71,4.35,15.2,3.76,2.96,16.58,16.93,32.74,51.15,32.82,32.59,53.07,37.09,41.15,53.95,55.59
1,2.190526315789474,0.8515789473684211,0.6978947368421052,2.888421052631579,0.6357894736842106,0.5905263157894737,2.805263157894737,0.9105263157894737,0.6073684210526316,2.923157894736842,1.2063157894736842,1.4621052631578948,4.21578947368421,1.8631578947368421,1.9010526315387926,4.44,1.211578947368421,0.8747368421052631,4.451578947368421,1.4021052631578947,0.8831578947368421,4.350526315789474,2.7578947368421054,4.799999999919691,14.045263157814427,2.4221052631578948,1.1926315789473685,13.946315789313065,3.2147368420651086,2.656842105263158,14.781052631418328,3.0442105263157893,2.2505263157894735,15.067368420892013,3.619999999959845,2.6726315789473682,15.71263157878675,3.5410526315789475,2.98210526311774,16.459999999839383,16.145263157734117,36.6115789472078,62.27157894736842,35.62210526315789,39.81157894704718,72.25052631578947,45.235789473041734,55.36421052599455,76.38,2.11,1.41,0.87,3.24,0.87,0.53,2.97,0.97,0.71,3.02,1.79,1.71,4.66,1.74,1.54,4.98,1.22,1.21,5.19,1.73,1.8,5.33,3.16,4.88,13.93,2.6,1.44,14.05,3.0,3.1,14.74,3.41,3.39,14.87,4.44,2.98,15.38,3.76,3.16,15.96,15.56,34.49,51.53,32.31,34.67,53.25,38.33,42.13,53.57,55.59
2,2.1915789473282663,0.9315789473684211,0.7210526315789474,2.8431578946966876,0.8473684210526315,0.6347368421052632,2.8073684210124767,0.9252631578947368,0.6536842105263158,2.8957894736440557,1.3694736842105264,1.7463157894736843,4.10210526311774,1.9010526315387926,1.8884210525914242,4.3926315789072135,1.4863157894335295,0.9505263157894737,4.478947368380898,1.6231578947368421,1.0463157894736843,4.3515789473282664,2.9294736842105262,4.9463157894335295,13.746315789393375,2.553684210486161,1.351578947368421,13.652631578867059,3.2863157894335293,2.7463157894335297,14.305263157894737,3.0473684210526315,2.3389473684210524,14.609473684210526,3.9684210525914243,2.768421052631579,15.257894736842106,3.4442105262756346,2.9715789473282666,16.00842105255127,15.850526315789473,36.16421052615517,62.68631578850997,34.92947368421053,40.19263157830489,72.45473684082032,45.524210525352075,56.448421052310344,76.49578947239927,2.23,0.77,0.71,2.76,0.68,1.2,2.62,1.42,1.26,2.57,1.46,1.42,4.17,2.08,2.07,4.11,1.38,0.81,4.06,1.58,1.6,3.99,2.23,3.13,12.91,1.7,1.09,12.85,3.37,2.68,13.44,2.94,1.84,13.62,3.86,3.68,14.67,3.38,3.38,15.25,15.33,34.15,51.49,33.81,35.68,52.82,39.13,42.12,53.28,55.59
3,2.115789473644056,0.8231578947368421,0.6863157894736842,2.778947368380898,0.7115789473684211,0.588421052631579,2.715789473644056,0.9284210526315789,0.6189473684210526,2.8178947368019505,1.2505263157894737,1.5494736842105263,4.130526315749319,1.793684210486161,1.7652631578947369,4.330526315749319,1.3,0.911578947368421,4.2842105262756345,1.4873684210526317,0.8926315789473684,4.12210526311774,2.7221052631578946,4.586315789473685,13.625263157814427,2.1694736842105264,1.1378947368421053,13.541052631538793,3.14,2.451578947368421,14.19999999991969,2.943157894736842,2.166315789473684,14.46842105255127,3.6452631578947368,2.622105263157895,15.083157894696688,3.373684210526316,2.877894736842105,15.766315789393374,15.573684210365697,36.5084210519891,62.84842105231034,35.52,40.17789473619963,72.57473684082031,45.113684210526316,56.31684210429945,76.54,2.15,0.97,0.89,2.72,0.85,0.5,2.74,1.12,0.75,2.87,2.06,1.58,4.2,2.12,1.75,4.19,1.76,1.35,4.19,1.9,1.51,4.13,3.19,4.64,13.82,3.07,1.92,13.85,3.63,2.91,14.8,3.97,2.71,15.37,6.23,4.09,16.28,4.69,3.35,16.8,16.88,34.59,51.77,32.6,33.78,53.39,38.79,41.48,54.1,55.59
4,2.1063157893933746,0.8957894736440558,0.6810526315387927,2.7810526315387927,0.7747368421052632,0.6021052631578947,2.744210526275635,0.912631578867059,0.6221052631177401,2.8694736841703716,1.227368421012477,1.490526315749319,4.092631578907214,1.8368421052230033,1.7557894736440558,4.345263157854582,1.3178947368019505,0.9905263157894737,4.296842105182848,1.5242105262354801,0.8905263157091643,4.209473684170372,2.7621052630775855,4.425263157854582,13.883157894415605,2.376842105223003,1.2515789473684211,13.701052631418328,3.1652631578545822,2.6284210525914244,14.444210526155171,3.050526315709164,2.16210526311774,14.705263157894738,3.8999999999598454,2.6042105263157893,15.2,3.34,2.8494736841703716,15.985263157894737,15.934736842105263,36.45368420988384,62.68736842105263,35.13789473652087,39.69157894672595,72.3578947368421,45.47684210462068,55.599999999678765,76.36842105263158,2.6,1.1,1.2,2.8,1.04,0.87,2.49,1.56,0.72,2.56,1.75,2.04,4.23,2.38,2.26,3.64,1.39,1.37,3.5,1.7,1.8,3.27,3.17,3.25,13.26,1.56,1.14,13.43,3.29,2.66,14.33,3.48,2.81,14.56,4.24,2.67,15.62,4.68,4.63,16.44,18.4,34.94,51.94,34.5,34.66,53.1,39.47,41.58,54.01,55.59
5,2.218947368421053,0.9042105263157895,0.6957894736842105,2.897894736842105,0.7757894736842105,0.5747368421052632,2.84,0.8989473684210526,0.6073684210526316,2.943157894736842,1.3421052631578947,1.6589473684210527,4.228421052631579,1.9842105262756347,1.9157894736842105,4.456842105263158,1.3621052631578947,0.871578947368421,4.470526315789474,1.5642105263157895,1.028421052631579,4.356842105263158,2.965263157894737,4.988421052631579,13.82631578943353,2.3947368421052633,1.2547368421052632,13.744210526275635,3.4221052631578948,2.7126315789473683,14.499999999959845,3.0442105263157893,2.2242105263157894,14.767368421012478,3.843157894736842,2.643157894736842,15.324210526275635,3.4926315789473685,3.0410526315789475,16.221052631538793,16.38421052623548,36.598947368099815,62.69157894672595,35.96631578947368,40.64842105247096,72.3884210519891,46.17894736842105,56.416842104620684,76.41473684082031,2.17,1.03,0.92,2.26,0.85,0.51,2.05,1.07,0.57,1.89,1.17,1.39,3.92,2.27,2.29,2.87,0.87,0.66,2.49,1.41,0.92,2.2,1.27,3.74,13.44,2.14,1.55,13.48,3.43,3.1,14.07,2.94,2.48,14.19,3.29,3.1,15.1,3.07,2.53,17.16,16.25,34.01,51.71,32.06,34.66,53.08,37.75,41.45,53.47,55.59
6,2.256842105263158,0.8673684210526316,0.7063157894736842,2.9105263157894736,0.74,0.588421052631579,2.8789473684210525,0.9431578947368421,0.671578947368421,2.977894736842105,1.2863157894736843,1.6526315789473685,4.361052631538793,2.111578947368421,2.026315789473684,4.548421052631579,1.2052631578947368,0.8947368421052632,4.6147368421052635,1.6010526315387927,0.988421052631579,4.472631578947368,3.026315789473684,4.661052631538793,13.957894736761796,2.4168421052631577,1.325263157894737,13.826315789393375,3.3989473684210525,2.694736842105263,14.603157894656533,3.1399999999196906,2.395789473603901,15.042105263077586,3.8747368421052633,2.666315789473684,15.590526315709164,3.8042105263157895,3.225263157894737,16.472631578947368,16.442105263157895,36.5,63.030526314825764,35.78210526299728,40.14631578947368,72.50631578850997,45.95894736777858,56.057894736520865,76.45789473619963,2.33,1.26,0.52,3.29,0.79,0.8,2.92,1.31,0.88,2.84,0.9,1.6,3.97,1.88,2.14,3.93,1.02,0.95,3.68,1.59,1.0,3.16,2.19,4.57,14.28,1.81,1.24,14.45,3.31,3.13,15.51,4.39,3.98,15.39,4.66,4.08,15.99,3.52,2.5,16.41,17.5,34.97,51.78,33.73,36.22,53.51,39.4,41.88,53.94,55.59
7,2.114736842105263,0.8536842105263158,0.7105263157894737,2.8557894736842107,0.7663157894736842,0.6336842105263157,2.8378947368421055,0.8842105263157894,0.6578947368421053,2.9494736842105262,1.3,1.5336842105263158,4.178947368380898,1.914736842105263,1.8757894736842105,4.354736842105263,1.3147368421052632,0.9,4.365263157894737,1.56,0.9705263157894737,4.268421052631579,2.869473684210526,4.725263157894737,13.74631578943353,2.371578947368421,1.2052631578947368,13.647368421012477,3.2894736841703716,2.644210526275635,14.36210526311774,3.115789473644056,2.1989473684210528,14.581052631538792,3.7694736842105265,2.531578947368421,15.21789473680195,3.613684210486161,3.0378947368019507,15.934736842065108,16.026315789393376,36.51157894736842,63.0084210519891,35.272631578304896,40.23789473619963,72.61157894672594,45.416842104620684,56.415789473041734,76.57368420988384,2.25,0.9,0.72,3.25,0.95,0.55,2.87,0.83,0.49,2.63,0.84,1.03,4.03,2.16,2.1,3.82,0.84,0.52,3.51,1.31,0.92,3.11,1.91,4.18,14.57,2.64,0.75,14.41,2.97,2.09,14.95,2.23,1.43,14.73,1.63,1.57,15.11,1.4,2.42,15.35,14.61,34.39,51.44,32.49,35.24,53.35,37.14,40.63,53.54,55.59
8,2.18,0.7989473684210526,0.5947368421052631,2.9389473684210525,0.7052631578947368,0.5968421052631578,2.8557894736842107,0.7631578947368421,0.608421052631579,2.933684210526316,1.1231578947368421,1.503157894736842,4.1957894736842105,1.9578947368421054,1.996842105263158,4.294736842105263,1.243157894736842,0.8431578947368421,4.29578947368421,1.46,0.8936842105263157,4.143157894736842,2.623157894736842,4.497894736842105,13.643157894576223,2.488421052631579,1.1357894736842105,13.549473684049907,3.2452631578545823,2.60210526311774,14.233684210526317,2.8442105263157895,2.0831578947368423,14.553684210446006,3.445263157894737,2.2842105263157895,15.126315789473685,2.962105263157895,2.721052631578947,15.826315789473684,15.81263157878675,36.384210525994554,63.00421052631579,35.48315789457622,40.649473683568054,72.47473684146279,45.54421052599455,56.323157894736845,76.51684210462068,2.76,1.08,1.15,3.24,0.9,0.93,3.27,0.92,0.88,3.34,2.16,1.96,5.01,2.09,2.51,4.55,1.62,1.31,4.56,2.47,1.3,4.32,3.36,3.27,12.42,3.05,1.61,12.41,4.24,3.4,13.53,3.03,2.53,14.08,5.92,4.51,15.23,5.59,5.1,16.3,17.56,33.99,51.64,32.55,33.53,52.87,40.76,39.91,53.37,55.59
9,2.188421052631579,0.848421052631579,0.6652631578947369,2.9273684210526314,0.728421052631579,0.5589473684210526,2.883157894736842,0.848421052631579,0.6073684210526316,2.9694736842105263,1.2494736842105263,1.5,4.288421052631579,2.053684210526316,1.9410526315789474,4.568421052631579,1.4073684210526316,0.9505263157894737,4.59789473680195,1.4705263157894737,0.9126315789473685,4.477894736842106,2.753684210486161,4.851578947288112,13.778947368421052,2.471578947368421,1.223157894736842,13.752631578867058,3.591578947328266,2.8410526315789473,14.466315789393375,2.8978947368019505,2.1126315789473686,14.749473684130217,3.8589473684210525,2.4568421052631577,15.443157894576224,3.3831578946966876,3.04421052623548,16.171578947047184,16.186315789313067,36.8421052631579,63.039999999357526,35.84315789409437,40.175789473362975,72.63789473619963,46.198947368099816,56.815789472720496,76.610526315147,2.45,1.11,0.5,3.1,0.77,0.51,2.98,0.82,0.56,3.07,0.97,1.12,4.38,1.94,2.15,4.45,1.03,0.99,4.49,1.36,1.08,4.0,2.28,4.11,13.37,2.48,1.45,13.39,3.18,2.63,13.98,2.68,1.72,14.36,4.58,3.63,14.74,3.02,2.56,15.89,17.78,34.44,52.18,32.41,36.81,53.58,39.24,42.47,53.99,55.59
10,2.1505263157091643,0.9042105263157895,0.728421052631579,2.8578947368019505,0.8136842105263158,0.6294736842105263,2.7915789473282664,0.96,0.6726315789473685,2.9315789473282665,1.323157894736842,1.6399999999598454,4.257894736761796,1.9810526315387926,1.893684210486161,4.522105263077585,1.3789473684210527,0.9536842105263158,4.496842105182848,1.593684210486161,1.0,4.32421052623548,2.9926315789072135,4.863157894656533,13.66421052631579,2.510526315749319,1.331578947368421,13.576842105263157,3.247368420972322,2.737894736761796,14.29999999983938,2.9957894736039012,2.2231578946966875,14.615789473523591,3.970526315749319,2.751578947368421,15.006315789313065,3.5599999999598455,2.912631578907214,15.781052631418328,15.712631578907214,35.973684210526315,62.725263157252265,35.07684210494192,40.35789473652087,72.43684210462068,45.616842104299444,56.534736841784024,76.41999999871506,1.92,1.0,0.56,2.72,1.02,0.5,2.59,0.94,0.5,2.56,1.04,1.4,4.2,1.45,1.55,3.71,1.05,0.61,3.48,1.5,0.91,3.01,1.84,4.16,13.91,1.86,0.76,13.85,2.57,2.32,14.55,2.4,2.06,14.36,1.78,1.67,14.68,1.87,1.99,14.43,12.98,34.75,51.46,32.42,34.77,53.5,38.57,39.99,54.13,55.59
11,2.089473684170372,0.8526315789072137,0.6399999999598452,2.7715789473282664,0.7157894736440559,0.6010526315387926,2.6631578946966874,0.9178947367617959,0.5947368420651085,2.796842105223003,1.2799999999598453,1.656842105263158,4.125263157854582,1.8884210525914242,1.793684210486161,4.401052631498638,1.2873684209723222,0.86210526311774,4.457894736761796,1.60421052623548,0.9263157894335295,4.305263157814427,3.0926315787867495,4.810526315709164,13.89578947368421,2.4115789473282665,1.2115789473282663,13.746315789393375,3.3105263157091644,2.6999999999196906,14.487368420972322,3.1231578945762233,2.282105263077585,14.763157894736842,3.8557894736842107,2.6747368419446444,15.301052631418328,3.5621052630775853,3.0147368420651084,15.91684210494192,16.211578946725947,36.62105263125771,62.707368420410155,35.29263157830489,40.16421052567331,72.57368420988384,45.29789473652087,56.13894736842105,76.43894736777858,2.19,1.29,1.11,3.8,0.93,0.81,3.76,1.24,0.85,3.97,1.88,1.44,4.83,1.8,1.95,5.18,2.15,1.43,5.34,2.26,1.1,5.47,5.0,6.98,13.94,2.61,2.05,14.37,3.9,3.03,15.05,4.47,3.29,15.58,6.6,4.26,16.45,7.01,4.14,17.16,19.53,34.9,51.55,33.45,35.5,53.31,39.71,40.68,53.97,55.59
12,2.030526315749319,0.8799999999598453,0.6799999999598453,2.7484210525512696,0.7136842105263158,0.56,2.7199999999196907,0.8852631578545821,0.5926315789072137,2.835789473603901,1.1957894736440557,1.5463157894335295,4.163157894656533,1.8242105262756347,1.8168421052230033,4.4252631578144275,1.3115789473282664,0.8736842104861611,4.4663157893933745,1.5799999999598453,0.9073684210124768,4.321052631498638,2.72210526311774,4.725263157854582,13.877894736681487,2.4673684209723223,1.2073684210124769,13.795789473523591,3.3221052631578947,2.6273684210526316,14.467368420892013,2.8431578946966876,2.116842105263158,14.837894736681486,3.6242105262354802,2.454736842024954,15.287368420892014,3.139999999959845,2.5673684210526315,16.186315789313067,16.07263157894737,36.73368420988384,62.73578947336297,35.45999999935753,40.22315789409436,72.28736842041016,45.447368420731394,56.372631578626134,76.30526315660978,2.53,0.68,0.5,2.41,1.33,0.7,2.34,1.09,0.5,2.43,0.88,1.62,4.03,1.94,2.0,3.55,0.88,0.68,3.32,1.36,1.0,3.3,1.43,4.15,12.77,1.86,1.71,12.95,2.9,2.93,13.48,3.69,3.62,14.0,3.8,3.24,14.48,4.22,4.37,15.41,14.82,34.19,50.95,31.47,32.98,53.16,38.03,40.48,53.74,55.59
13,2.144210526275635,0.8810526315789474,0.6621052631578948,2.8536842104861613,0.7463157894736843,0.6042105263157894,2.798947368380898,0.8947368421052632,0.6652631578947369,2.912631578907214,1.2842105263157895,1.5768421052631578,4.248421052591424,1.8642105263157895,1.8557894736440559,4.410526315749319,1.3957894736842105,0.9536842105263158,4.4326315789072135,1.5726315789473684,1.0063157894736843,4.333684210486161,3.090526315789474,5.150526315789474,13.823157894656532,2.56,1.2073684210526316,13.789473684130217,3.2663157894335293,2.7378947368019504,14.42842105255127,3.1052631578947367,2.2926315789473684,14.80421052623548,4.017894736842106,2.607368421012477,15.382105263077586,3.7410526315387926,3.2578947368421054,16.15684210518285,16.59578947368421,36.2052631575735,63.06947368388929,35.25578947352359,39.58947368356805,72.48842105166787,45.73157894704718,56.990526315147,76.46315789409437,2.24,0.86,0.7,3.93,0.83,0.74,3.99,1.12,0.77,4.27,1.25,1.42,5.63,1.83,2.24,5.73,1.77,0.94,5.73,1.67,1.18,6.03,2.73,4.42,14.29,1.92,1.58,14.53,4.45,3.91,15.4,3.47,2.66,15.95,5.06,4.46,17.07,4.61,2.98,18.43,18.06,35.87,51.88,33.6,36.43,53.22,40.71,41.94,53.8,55.59
14,2.2978947368421054,0.8810526315789474,0.7315789473684211,3.0105263157894737,0.7852631578947369,0.64,2.968421052631579,0.9105263157894737,0.6694736842105263,3.0810526315789475,1.3189473684210526,1.6842105263157894,4.253684210526316,1.9905263157894737,1.9221052631578948,4.568421052591424,1.305263157894737,0.8778947368421053,4.611578947368421,1.5842105262756347,1.0410526315789475,4.48,3.0410526315387925,4.9115789472881115,13.756842105102539,2.4442105262756346,1.2642105263157895,13.70421052615517,3.4884210525914243,2.838947368380898,14.387368420892013,2.892631578907214,2.274736842105263,14.714736841944644,3.8399999999196908,2.643157894736842,15.37684210510254,3.3063157894736843,2.7936842105263158,16.25263157894737,16.570526315789472,36.70421052631579,62.833684210526314,35.810526315628856,40.76105263157895,72.5073684207314,45.77578947368421,56.55473684146279,76.57157894704719,2.03,1.08,1.18,2.89,0.79,1.13,2.91,1.12,1.08,3.01,1.93,1.93,3.94,1.99,2.15,3.94,1.81,1.31,3.91,1.63,1.36,3.92,3.27,5.26,12.18,1.97,1.34,12.14,3.6,3.41,13.21,3.62,3.05,13.95,4.55,3.24,14.92,4.01,2.84,16.22,15.72,33.36,51.49,31.12,32.5,53.09,37.23,41.25,53.74,55.59
15,2.108421052631579,0.9010526315387927,0.7221052631578947,2.8789473684210525,0.7989473684210526,0.5957894736842105,2.8273684210526318,0.9957894736842106,0.6547368421052632,2.9557894736842107,1.388421052631579,1.651578947368421,4.241052631578947,1.8326315789473684,1.8526315789473684,4.512631578907214,1.433684210526316,0.9873684210526316,4.532631578947369,1.66,1.0052631578947369,4.387368421052631,3.0831578947368423,5.0873684210526315,13.872631578947368,2.5231578946966873,1.4031578947368422,13.76842105263158,3.2242105263157894,2.7536842105263157,14.517894736842106,3.371578947368421,2.409473684210526,14.834736842024954,4.036842105263158,2.686315789473684,15.4357894736039,3.7263157894736842,3.1736842105263157,16.3157894736039,16.4157894736039,36.367368420731395,62.966315788509974,35.35052631546824,40.06105263125771,72.54315789473684,45.69999999967876,56.63263157798365,76.56736842041016,2.45,1.09,0.73,3.67,0.82,0.55,3.59,0.82,0.87,3.7,1.67,2.01,4.26,2.21,2.32,4.87,1.66,1.14,4.88,1.8,1.37,4.88,3.18,4.02,13.14,2.26,1.47,13.39,3.17,3.28,13.66,3.83,2.68,14.19,4.86,3.69,14.97,5.05,4.16,15.99,15.81,32.4,51.64,30.11,32.18,53.32,37.78,40.27,53.92,55.59
16,2.132631578947368,0.8926315789473684,0.6747368421052632,2.943157894736842,0.7178947368421053,0.5757894736842105,2.9147368421052633,0.9378947368019506,0.6452631578947369,3.02,1.4157894736842105,1.7263157894335295,4.24421052631579,1.9326315789473685,1.9021052631578947,4.551578947328267,1.3126315789473684,0.9157894736842105,4.572631578907214,1.628421052631579,1.0210526315789474,4.450526315749319,2.8989473684210525,4.882105263157895,13.90105263141833,2.5926315789072136,1.2873684210526315,13.745263157894737,3.3926315789473684,2.781052631578947,14.621052631418328,3.148421052631579,2.4547368421052633,14.844210526155171,3.943157894736842,2.5778947368421052,15.415789473523592,3.566315789473684,3.0326315789473686,16.23684210494192,16.117894736681485,36.33578947368421,62.829473682925574,35.47894736777858,40.125263157894736,72.51578947368421,46.15578947336297,55.83894736809982,76.38947368421053,2.44,1.1,0.51,4.05,0.92,0.6,3.8,0.98,0.5,3.76,1.23,1.39,5.24,2.36,2.24,4.66,1.63,0.6,4.55,1.81,0.75,4.17,4.49,6.86,12.82,3.47,1.79,12.96,4.17,3.7,13.74,3.36,2.67,14.11,5.24,4.37,15.02,4.87,3.56,16.53,17.39,33.31,52.07,32.69,34.47,53.93,37.86,39.51,54.38,55.59
17,2.1873684210526316,0.8189473684210526,0.6747368421052632,2.7873684210526317,0.7263157894736842,0.58,2.738947368421053,0.8357894736842105,0.6063157894736843,2.8326315789473684,1.2463157894335295,1.52210526311774,4.2,1.9631578947368422,1.7778947368421052,4.325263157854582,1.2778947368421052,0.9052631578545821,4.329473684170372,1.50210526311774,0.8936842105263157,4.165263157854582,2.623157894656533,4.445263157814427,13.80842105255127,2.334736842105263,1.18,13.669473684130217,3.3547368420651082,2.7336842105263157,14.41999999991969,2.8473684209723222,2.153684210486161,14.589473684130217,3.4726315789072135,2.5094736842105263,15.141052631498638,3.098947368340743,2.7915789473282664,15.681052631498638,15.30842105255127,36.571578947047186,63.00842105134663,35.45894736826043,39.85999999983938,72.64526315660979,45.43578947352359,56.11999999967876,76.68210526251542,2.21,0.82,0.73,3.2,0.64,0.56,2.96,0.62,0.5,2.92,1.2,1.41,4.23,2.31,2.13,4.29,1.24,0.98,4.16,1.37,0.94,4.06,2.6,4.0,13.0,1.95,1.35,12.97,3.58,2.9,13.6,3.33,2.19,13.71,3.56,2.51,14.42,2.26,2.33,14.89,14.06,32.33,51.35,30.87,34.54,52.67,38.24,42.08,53.34,55.59
18,2.1389473683808977,0.8736842105263158,0.7210526315789474,2.8199999999598453,0.748421052631579,0.6178947368421053,2.790526315749319,0.86210526311774,0.6368421052631579,2.8789473683407434,1.1957894736440557,1.505263157854582,4.186315789393375,1.9578947368019506,1.895789473644056,4.3842105262354805,1.3526315789473684,0.9221052631578948,4.3705263157091645,1.4642105262756349,0.9326315789072137,4.236842105182848,2.756842105223003,4.6694736841302165,13.72,2.4147368420651083,1.2284210525914243,13.587368421052632,3.433684210526316,2.7147368420651086,14.38421052615517,3.089473684130217,2.3105263157091644,14.726315789152446,3.653684210486161,2.4294736841703717,15.382105262836657,3.3873684209723223,2.8999999999196904,16.15263157862613,15.89263157878675,36.47263157830489,62.90210526315789,35.56421052631579,39.737894736520865,72.44421052631579,45.76736842041016,56.23999999935752,76.43263157830489,2.48,1.04,0.64,3.35,1.1,0.59,3.35,1.06,0.73,3.48,1.26,1.53,4.61,2.06,2.27,4.7,1.6,1.21,4.82,1.49,1.32,4.84,2.75,6.2,13.73,2.31,1.68,13.94,3.96,3.14,15.1,3.35,2.32,15.59,4.62,2.56,16.78,3.37,3.18,17.97,18.51,35.27,51.29,34.26,35.31,53.6,40.45,41.07,53.95,55.59
19,2.1284210525914244,0.8663157894736843,0.7294736842105263,2.7926315789473684,0.7157894736440559,0.6294736841703716,2.728421052631579,0.8494736841703716,0.6526315789072137,2.8705263157894736,1.2810526315789474,1.5463157894736843,4.167368421052632,1.8736842105263158,1.830526315749319,4.3452631578947365,1.2747368421052632,0.9136842105263158,4.322105263157895,1.5526315789473684,0.9326315789473684,4.2,2.794736842105263,4.605263157894737,14.00421052631579,2.3463157894736844,1.2094736841703717,13.884210526315789,3.186315789473684,2.6157894736842104,14.570526315789474,2.9221052631578948,2.2094736841703715,14.91578947368421,3.688421052631579,2.5842105263157893,15.484210526275636,3.329473684130217,2.9115789472881115,16.187368421012476,15.641052631538793,36.33368421020508,62.861052630615234,35.23263157878675,39.81473684146279,72.57368420924136,45.458947368099814,55.94315789473684,76.4178947368421,2.59,0.9,0.71,3.22,0.96,0.61,3.04,1.04,0.9,3.18,1.65,2.16,4.79,2.52,2.11,4.53,1.34,1.05,4.57,1.43,1.56,4.63,2.84,4.18,13.75,2.16,2.03,13.95,3.83,2.63,15.13,2.77,2.9,15.44,4.05,2.65,16.18,2.84,2.63,17.38,15.76,32.7,51.67,32.31,32.32,53.46,36.89,39.91,53.86,55.59
20,2.270526315749319,0.830526315749319,0.713684210486161,2.898947368380898,0.7968421052230031,0.6010526315387926,2.788421052591424,0.9115789473282664,0.6736842104861611,2.8863157894335294,1.2799999999598453,1.6399999999598454,4.234736842065108,2.0473684210526315,1.8210526315387927,4.48210526311774,1.2673684209723222,0.8863157894736842,4.46631578943353,1.5757894736440559,0.9863157894335295,4.3105263157493185,2.848421052591424,4.887368421012477,13.897894736761796,2.453684210486161,1.2557894736440558,13.71999999991969,3.3378947368019505,2.6873684210526316,14.386315789393375,3.038947368380898,2.3073684210124767,14.663157894576223,3.8915789473282665,2.598947368380898,15.367368420972323,3.4642105262756346,3.1568421052230033,16.234736842105264,15.462105262997277,36.504210525673315,62.78105263125771,35.65894736777858,39.571578947047186,72.55263157862613,45.71368421052632,56.47578947368421,76.51684210462068,2.33,1.05,0.54,2.82,1.03,0.86,2.88,1.01,0.8,2.87,0.9,1.2,4.2,1.85,2.22,4.25,1.56,0.79,4.41,1.06,0.97,4.39,1.87,5.64,13.36,2.83,1.33,13.6,3.6,3.32,14.01,2.42,2.08,14.1,3.79,2.0,15.15,2.82,1.82,16.1,19.3,36.25,51.12,34.41,36.14,53.15,39.42,41.51,53.58,55.59
21,2.211578947368421,0.9084210526315789,0.6778947368421052,2.925263157894737,0.7431578947368421,0.6210526315789474,2.8642105263157895,0.9021052631578947,0.6578947368421053,2.965263157894737,1.323157894736842,1.6178947368421053,4.363157894736842,1.931578947368421,1.8768421052631579,4.616842105223003,1.1894736842105262,0.8326315789473684,4.615789473644056,1.5989473684210527,0.9873684210526316,4.475789473644056,2.8873684210526314,4.7294736841703715,13.825263157814428,2.4326315789473685,1.311578947368421,13.79263157886706,3.3663157894736844,2.6515789473684213,14.488421052551269,3.0926315789473686,2.363157894736842,14.828421052551269,3.8684210526315788,2.686315789473684,15.46842105247096,3.52,2.9105263157894736,16.203157894576222,16.321052631578947,36.259999999357525,62.867368420088916,35.39578947352359,40.01263157894737,72.51473684146279,44.781052631578945,56.209473683889286,76.4484210519891,2.5,1.18,0.72,4.38,0.92,0.63,3.89,0.72,0.63,3.97,1.77,2.52,5.77,2.26,2.07,5.61,1.1,0.85,5.26,1.96,1.35,5.03,3.95,6.12,13.94,2.42,1.68,14.13,3.07,2.52,15.25,3.45,3.13,15.68,5.75,3.94,16.77,4.64,3.35,17.5,18.01,33.95,51.15,32.99,35.04,52.87,37.23,40.82,53.38,55.59
22,2.121052631498638,0.8589473683808979,0.6926315789072137,2.8178947368019505,0.7536842104861611,0.6221052631177401,2.7347368420651086,0.9936842104861611,0.6326315789473684,2.8515789473282664,1.3031578946966873,1.6557894736440557,4.111578947288112,1.8431578946565328,1.821052631498638,4.351578947288112,1.267368421012477,0.8568421052230032,4.374736842024954,1.5599999999598453,0.9989473684210526,4.190526315709164,2.8210526315387927,4.651578947368421,13.739999999919691,2.4147368421052633,1.328421052631579,13.676842105182848,3.2747368420249536,2.6905263157091643,14.393684210526315,3.0578947368019507,2.1557894736842105,14.726315789473684,3.8336842104460063,2.7210526315387926,15.369473684049908,3.4178947368019506,2.8421052631578947,16.16105263141833,16.002105263157894,36.7936842103657,62.78526315693102,35.616842104941924,39.79052631578947,72.45894736745734,45.991578946725944,56.150526315147,76.39263157766241,2.39,1.19,1.13,3.73,0.83,0.99,3.69,1.24,0.95,4.07,2.63,3.03,5.09,2.13,2.16,5.39,1.73,1.29,5.51,2.7,2.07,5.43,3.83,4.07,14.22,1.99,1.09,14.25,3.88,3.07,15.14,4.06,3.38,15.37,5.33,4.18,16.68,4.57,2.63,17.65,18.29,35.18,52.1,33.34,36.26,53.66,39.1,41.83,54.55,55.59
23,2.1547368420651085,0.8221052631578948,0.6863157894335296,2.844210526275635,0.7063157894736842,0.5957894736842105,2.768421052591424,0.8757894736842106,0.6242105263157894,2.830526315749319,1.2852631578947369,1.568421052631579,4.178947368340744,1.8989473683407432,1.8684210525914242,4.36210526311774,1.2652631578947369,0.8621052631578947,4.366315789433529,1.4989473684210526,0.9715789473684211,4.181052631538793,3.02421052623548,4.778947368340743,13.849473684049908,2.270526315749319,1.1568421052230031,13.676842105102539,3.4294736841302167,2.6378947368019507,14.43263157862613,3.12,2.2021052631578946,14.786315789152447,3.8178947368421055,2.566315789473684,15.44842105231034,3.533684210486161,2.9494736841703717,16.227368420731395,16.35684210510254,36.49999999935753,63.08736842105263,35.61578947352359,40.642105263157895,72.63684210397821,45.857894736842105,56.090526315789475,76.58526315789474,2.32,0.95,1.07,3.39,1.03,0.71,3.31,1.64,0.74,3.5,2.19,1.77,4.69,2.05,2.11,5.09,1.35,1.08,5.16,2.06,1.24,5.39,4.38,4.18,13.38,2.54,1.77,13.61,3.18,2.78,14.34,3.49,2.88,15.04,5.66,3.3,15.53,4.81,3.18,17.65,19.2,35.17,52.03,33.7,34.79,53.82,40.32,42.08,54.54,55.59
24,2.2273684210526317,0.8863157894335295,0.6810526315789474,2.9389473684210525,0.7378947368421053,0.6031578947368421,2.903157894736842,0.9694736842105263,0.7042105263157895,3.0252631578947367,1.2357894736842105,1.5410526315789475,4.346315789393374,1.9726315789473685,1.9589473684210525,4.598947368421053,1.3589473684210527,0.8821052631578947,4.610526315789474,1.4747368421052631,1.0505263157894738,4.476842105263158,2.7305263157894735,4.88,13.929473684210526,2.388421052631579,1.16,13.873684210446006,3.425263157854582,2.7978947368421054,14.543157894656533,2.9399999999598454,2.2642105263157895,14.874736842024953,3.6315789473282662,2.5042105262756347,15.526315789473685,3.3463157894335294,3.0863157894335296,16.20421052623548,15.714736842024953,36.17894736809981,62.94736842105263,35.612631578947365,39.438947368260436,72.45157894704718,45.171578946725944,56.43999999967876,76.59684210429944,2.45,1.14,1.43,3.69,0.93,1.31,3.61,1.58,1.22,3.71,2.1,2.83,5.15,2.01,2.58,5.65,2.35,1.72,5.81,1.93,1.57,5.55,3.33,5.77,13.83,1.99,1.61,13.91,4.7,3.99,14.77,3.76,3.46,15.44,5.56,4.46,16.77,5.5,2.7,17.54,17.9,35.51,51.7,33.75,35.84,53.34,41.44,42.47,53.91,55.59
25,2.148421052591424,0.8789473683808979,0.6778947368421052,2.9568421052631577,0.6989473684210527,0.5852631578947368,2.9210526315789473,0.8336842105263158,0.6221052631177401,3.0494736842105263,1.2778947368421052,1.7242105263157894,4.286315789473684,1.8978947368421053,1.8536842105263158,4.604210526315789,1.2989473684210526,0.8810526315387927,4.6968421052631575,1.608421052631579,0.9368421052631579,4.5873684210526315,3.04,5.288421052631579,13.87263157886706,2.5231578947368423,1.2357894736842105,13.765263157854582,3.481052631538793,2.852631578907214,14.454736842105262,3.2021052631578946,2.308421052631579,14.758947368340744,4.023157894696688,2.7242105263157894,15.5157894736039,3.508421052631579,2.7621052631578946,16.321052631498638,16.425263157814427,36.30315789457622,62.849473683889286,35.2136842103657,39.83789473619963,72.39684210462069,45.94105263125771,56.413684210205076,76.57157894672595,2.21,0.9,0.71,2.46,1.15,1.24,2.27,1.34,0.56,2.33,1.41,2.04,3.76,1.82,2.04,3.69,1.52,1.0,3.5,1.5,1.7,3.22,1.89,3.33,12.67,1.47,1.18,12.55,3.07,2.72,13.31,4.0,2.82,13.51,3.85,3.03,14.22,3.64,3.9,15.54,16.31,34.92,51.25,33.16,34.74,52.71,39.13,41.08,53.82,55.59
26,2.0642105263157893,0.7757894736842105,0.6294736842105263,2.716842105263158,0.6463157894736842,0.5726315789473684,2.6157894736842104,0.7694736842105263,0.5863157894736842,2.7178947368421054,1.071578947368421,1.3178947368421052,4.128421052591424,1.908421052631579,1.8642105263157895,4.264210526275635,1.2178947368421054,0.8021052631578948,4.211578947328267,1.3536842105263158,0.8452631578947368,4.051578947368421,2.477894736842105,4.3852631578947365,13.944210525994551,2.1473684210526316,1.043157894736842,13.877894736520867,3.1378947368019507,2.493684210526316,14.505263157573498,2.7021052631578946,2.028421052631579,14.810526315468236,3.3042105263157895,2.2663157894736843,15.276842105102538,2.9378947368019506,2.7957894736842106,15.992631578947368,15.52,36.74526315789473,62.927368421052634,35.68421052599455,40.18421052599455,72.54947368292558,45.427368420410154,56.38421052567331,76.4884210519891,2.47,1.35,0.79,3.48,0.93,0.7,3.27,1.09,0.66,3.36,1.32,1.37,4.69,2.08,2.29,4.68,1.52,1.06,4.55,1.73,1.31,4.22,2.89,5.24,13.14,2.5,1.26,13.24,3.6,3.22,13.7,2.84,2.07,14.02,3.62,2.75,14.64,2.31,2.33,15.49,14.68,34.02,51.83,32.69,35.43,53.42,38.72,42.35,54.25,55.59
27,2.238947368380898,0.8621052631578947,0.6494736842105263,2.888421052631579,0.7863157894736842,0.6263157894736842,2.836842105263158,0.9021052631578947,0.6621052631578948,2.986315789473684,1.216842105263158,1.5084210526315789,4.281052631498638,2.0084210525914243,1.94,4.549473684170372,1.2705263157894737,0.8957894736842106,4.504210526275635,1.5326315789473683,0.9473684210526315,4.387368421012477,2.7705263157894735,4.5073684210526315,13.829473684049907,2.38,1.2252631578947368,13.762105262997276,3.3989473684210525,2.7747368420651086,14.36842105247096,2.985263157894737,2.231578947368421,14.642105262997276,3.711578947368421,2.5273684210526315,15.10842105247096,3.210526315789474,2.953684210526316,15.781052631578948,15.412631578867058,35.867368420731395,62.95578947239926,34.92631578915245,39.51263157830489,72.5084210519891,44.39578947368421,56.28526315789474,76.41999999903629,2.29,0.98,0.5,3.01,0.81,0.75,3.01,0.91,0.96,3.16,1.12,1.1,4.58,2.1,2.06,5.07,1.59,1.06,4.99,1.42,1.24,5.13,2.19,3.73,14.5,2.44,1.34,14.64,4.44,3.04,15.51,1.91,1.45,16.13,2.93,2.41,16.6,2.66,3.09,16.91,15.97,34.16,51.76,32.22,35.1,53.07,37.18,40.64,53.9,55.59
28,2.196842105263158,0.7621052631578947,0.6421052631578947,2.9463157894335295,0.7189473684210527,0.6178947368421053,2.8694736841703716,0.8189473684210526,0.6610526315789473,2.981052631538793,1.3,1.5589473684210526,4.347368421052631,1.9431578947368422,1.876842105223003,4.586315789473685,1.276842105263158,0.911578947368421,4.569473684130217,1.5684210525914242,0.9726315789473684,4.446315789393375,2.932631578907214,4.630526315709164,13.82421052631579,2.4242105263157896,1.1336842105263158,13.711578947368421,3.377894736842105,2.6526315789473682,14.455789473362973,2.935789473603901,2.303157894736842,14.742105263157894,3.832631578907214,2.64210526311774,15.238947368421053,3.4294736841703717,2.870526315749319,16.053684210526317,16.187368421052632,36.38210526299728,62.784210525673316,35.477894736681485,39.968421051989104,72.37052631578948,45.938947367778574,55.68947368356805,76.33578947304173,2.09,0.89,0.69,3.03,0.5,0.5,2.93,0.53,0.5,3.0,0.66,0.59,4.51,1.97,2.01,4.57,0.87,0.56,4.54,1.45,0.75,4.41,1.72,2.36,13.56,2.22,1.12,13.62,4.24,3.45,14.03,2.39,1.74,14.28,2.6,2.28,14.8,1.35,2.22,15.91,14.77,32.14,51.76,30.69,33.09,52.89,37.98,40.33,53.91,55.59
29,2.166315789473684,0.8199999999598453,0.6684210525914243,2.8999999999598454,0.7052631578947368,0.5757894736440559,2.8557894736440557,0.7652631578545821,0.58210526311774,2.9463157894335295,1.1505263157894736,1.4494736842105262,4.279999999959846,1.9715789473282663,1.856842105223003,4.555789473644055,1.1778947368421053,0.7842105262756348,4.5947368420651085,1.510526315749319,0.8652631578947368,4.424210526275635,2.7578947368019504,4.570526315789474,13.942105262836657,2.310526315749319,1.1926315789473685,13.872631578947368,3.473684210486161,2.7010526315387926,14.665263157894737,3.0326315789473686,2.3526315789473684,14.87999999983938,3.4042105262756346,2.4473684210526314,15.394736842105264,3.208421052631579,3.011578947368421,16.08105263157895,15.832631578626131,36.064210525994554,62.981052630293995,35.35473684210526,40.17789473652087,72.48105263157895,45.45999999935753,56.078947368421055,76.54315789473684,2.17,1.12,0.7,3.22,0.65,0.73,3.04,1.13,0.6,3.29,1.43,1.57,4.62,1.88,1.68,4.86,1.39,0.84,5.04,1.78,1.57,4.94,2.19,2.74,13.94,2.08,0.99,14.18,3.18,2.73,15.22,2.56,2.38,15.47,2.39,1.47,16.64,2.54,3.35,17.02,16.83,34.6,51.18,32.66,33.44,52.87,37.75,40.18,53.49,55.59
30,2.096842105263158,0.8178947368019506,0.6768421052631579,2.788421052631579,0.7010526315789474,0.6168421052631579,2.7042105263157894,0.8336842105263158,0.6336842105263157,2.82,1.2157894736842105,1.4663157894736842,4.208421052631579,1.8778947368421053,1.8663157894736842,4.365263157854582,1.2094736842105263,0.8463157894736842,4.398947368380898,1.568421052631579,0.9463157894736842,4.26210526311774,2.6010526315387925,4.564210526315789,13.735789473603901,2.3705263157894736,1.2221052631578948,13.672631578867058,3.248421052631579,2.526315789473684,14.371578947288112,2.923157894736842,2.211578947368421,14.82421052623548,3.4557894736842107,2.4357894736842107,15.447368420972323,3.2736842105263158,3.076842105263158,16.245263157814428,16.11473684206511,37.03263157894737,62.91894736777858,35.583157894576225,39.723157894576225,72.62631578915244,45.79157894736842,56.28210526283666,76.56105263093647,2.4,1.12,0.88,4.01,0.83,1.09,3.78,1.51,1.37,3.98,2.37,2.43,5.57,2.02,2.06,5.78,1.4,1.19,5.91,1.93,2.04,5.85,3.8,5.53,13.63,2.19,1.93,14.01,4.14,3.12,14.82,3.96,3.63,15.34,4.95,3.45,16.37,4.5,3.32,17.58,20.92,35.08,50.58,33.67,36.39,52.97,40.17,41.73,53.62,55.59
31,2.1673684210526316,0.8736842105263158,0.6684210526315789,2.9157894736842107,0.716842105263158,0.6168421052631579,2.8589473684210525,0.8863157894736842,0.7052631578947368,2.9705263157894737,1.28,1.5863157894736841,4.317894736801951,2.033684210526316,1.9378947368421053,4.572631578907214,1.2578947368421052,0.8757894736842106,4.557894736842106,1.5442105263157895,1.0115789473684211,4.376842105263158,2.8410526315789473,4.703157894736842,13.774736842105263,2.281052631578947,1.1505263157894736,13.685263157894736,3.2452631578144273,2.6273684210526316,14.40421052631579,2.9957894736842103,2.1694736842105264,14.645263157894737,3.6042105263157893,2.4957894736842103,15.209473684130216,3.0736842105263156,2.6242105263157893,16.065263157814428,16.054736842105264,36.56947368404991,62.92421052631579,35.33157894736842,40.73052631546824,72.60526315693103,45.47578947336297,56.1736842095626,76.53263157766241,2.01,1.14,1.0,2.74,1.0,0.46,2.51,0.71,0.47,2.49,0.93,0.69,3.95,1.96,1.74,3.57,1.47,0.75,3.43,1.7,0.57,2.97,2.31,2.33,12.69,1.49,0.76,12.58,3.98,2.61,13.08,3.38,2.14,13.13,2.43,1.93,13.48,1.98,2.41,13.72,13.86,32.38,51.28,30.43,32.92,53.36,35.1,41.08,54.14,55.59
32,2.1378947368421053,0.891578947368421,0.7221052631578947,2.8642105263157895,0.7547368421052632,0.6389473684210526,2.7863157894736843,0.8936842105263157,0.6442105263157895,2.8989473684210525,1.2852631578947369,1.46,4.210526315749319,1.8736842105263158,1.8442105263157895,4.37578947368421,1.3757894736842105,0.9778947368421053,4.372631578947368,1.5136842105263157,0.9347368421052632,4.281052631578947,2.9126315789473685,4.725263157894737,13.84210526311774,2.466315789473684,1.2505263157894737,13.658947368380899,3.316842105263158,2.6526315789473682,14.312631578907213,2.9221052631578948,2.228421052631579,14.525263157854582,3.650526315789474,2.4368421052631577,15.169473684130217,3.5842105263157893,3.224210526275635,15.889473684130216,15.883157894696687,36.42842105247096,62.741052631578945,35.639999999678764,39.62736842073139,72.47789473555716,46.16736842073139,56.088421052310345,76.46421052503084,2.66,1.1,0.77,3.78,0.91,1.1,3.63,1.39,0.69,3.92,1.52,1.41,5.19,1.89,2.33,5.41,1.59,0.9,5.4,1.86,0.95,5.38,2.33,3.55,14.17,2.59,1.46,14.21,3.27,3.17,15.29,2.85,2.32,16.08,4.44,3.03,17.42,5.8,6.02,18.52,17.99,35.49,50.31,34.16,36.84,52.91,40.05,42.75,53.52,55.59
33,2.16210526311774,0.9284210526315789,0.6747368421052632,2.810526315749319,0.7705263157894737,0.631578947368421,2.750526315749319,0.9063157894736842,0.6042105263157894,2.822105263077585,1.2947368421052632,1.5578947368019505,4.151578947368421,1.8694736841703716,1.7999999999598453,4.315789473644056,1.3389473684210527,0.88,4.339999999919691,1.5757894736842106,1.0157894736842106,4.2073684209723226,2.8294736841703716,4.474736842024954,13.604210526155171,2.3863157894736844,1.2126315789473685,13.430526315628855,3.0673684210526315,2.5652631578144276,14.111578947207802,2.938947368380898,2.1178947368421053,14.338947368099815,3.655789473603901,2.534736842024954,14.978947368421053,3.3221052631578947,2.761052631578947,15.739999999839382,15.971578947047183,36.94631578947369,62.95578947239926,35.50105263093647,40.42526315725226,72.5589473671361,45.84315789409437,56.38315789377313,76.47999999871504,2.48,1.09,0.74,3.19,1.3,0.6,2.96,0.96,0.89,3.17,1.24,2.61,4.64,2.32,2.35,5.15,1.66,0.84,5.09,1.75,1.31,4.95,3.62,6.73,12.48,1.86,1.39,12.59,3.8,3.19,13.48,4.68,3.61,13.98,6.01,4.25,15.07,5.5,3.8,16.03,16.79,35.37,51.35,33.4,35.74,52.98,39.41,40.87,53.42,55.59
34,2.103157894736842,0.8936842105263157,0.6968421052631579,2.876842105263158,0.7126315789473684,0.5842105263157895,2.834736842105263,0.8431578946966874,0.6178947368421053,2.968421052631579,1.2568421052230032,1.4999999999598452,4.223157894696687,1.9189473684210527,1.914736842105263,4.495789473644056,1.2263157894736842,0.86,4.514736842065108,1.5873684210124768,0.9305263157894736,4.425263157854582,2.6831578946966874,4.563157894696688,13.911578947207802,2.3515789473282664,1.1852631578947368,13.811578947207803,3.28,2.7326315789473683,14.594736842024954,3.045263157854582,2.2978947368019504,14.836842105263157,3.714736842105263,2.5810526315387925,15.373684210446006,3.348421052591424,3.0,16.096842105182848,15.92210526311774,36.65263157894737,62.93894736809982,35.594736841944645,40.36842105231034,72.46631578947368,45.90736842041016,56.13894736777858,76.35578947304174,2.16,1.13,0.64,3.38,1.02,0.6,3.3,1.17,0.65,3.4,1.99,2.69,4.57,1.97,2.02,4.48,2.4,1.19,4.5,1.94,1.51,4.67,3.38,6.61,14.15,1.91,1.76,14.19,4.12,3.65,15.16,4.78,3.91,15.5,5.2,3.53,16.26,4.99,3.11,17.92,19.0,35.4,51.72,33.34,35.14,53.48,39.4,42.66,53.69,55.59
35,2.185263157894737,0.8652631578947368,0.6873684210526316,2.7842105263157895,0.7326315789473684,0.6010526315789474,2.7705263157894735,0.88,0.628421052631579,2.903157894736842,1.328421052631579,1.628421052631579,4.197894736842105,1.8747368421052633,1.8831578947368421,4.431578947368421,1.3,0.92,4.435789473684211,1.6021052631578947,0.9747368421052631,4.3,2.8726315789473684,4.625263157814428,13.814736842105264,2.448421052631579,1.1978947368421053,13.716842105263158,3.2473684210526317,2.6126315789473686,14.545263157894738,3.110526315789474,2.289473684210526,14.85578947368421,3.711578947368421,2.5631578947368423,15.519999999839381,3.557894736842105,3.185263157894737,16.221052631418328,15.954736841944644,36.837894736520866,63.044210525673314,35.6431578944156,40.36210526315789,72.57999999903629,45.49684210510254,56.50631578883121,76.68736842041015,2.56,0.94,0.88,3.63,1.08,0.67,3.45,0.93,0.62,3.47,1.36,1.64,4.86,2.27,2.4,4.4,0.89,0.83,4.15,1.55,1.01,3.92,2.25,4.9,14.07,1.98,1.36,13.95,3.49,2.13,14.44,2.45,2.19,14.72,3.29,2.67,14.9,2.87,2.81,15.75,15.66,34.1,51.93,31.13,34.1,53.59,36.4,40.77,53.88,55.59
36,2.154736842105263,0.8357894736842105,0.7021052631578948,2.7799999999598453,0.6894736842105263,0.5736842105263158,2.7252631578144273,0.8073684210526316,0.6378947368421053,2.8368421051828485,1.2536842105263157,1.4852631578947368,4.219999999959845,1.9073684210526316,1.8221052631578947,4.3978947367617955,1.22,0.8505263157894737,4.429473684130217,1.5042105263157894,0.8810526315789474,4.267368420972322,2.885263157854582,4.5673684210124765,13.943157894736842,2.526315789473684,1.236842105263158,13.872631578947368,3.2821052631578946,2.614736842105263,14.685263157894736,2.9094736841703717,2.1821052631578945,14.96842105247096,3.7863157894335293,2.573684210486161,15.547368420731393,3.3,2.833684210526316,16.39894736842105,16.26421052615517,36.48210526251542,62.98315789377313,35.71263157862613,40.87263157894737,72.60526315660978,46.31263157894737,55.99894736777858,76.69473684146278,2.51,1.19,1.2,4.05,1.17,0.97,3.82,1.08,1.11,3.88,2.16,2.3,5.4,2.31,2.6,5.34,1.98,1.39,5.41,3.01,1.47,5.25,3.44,6.49,13.83,2.7,1.77,14.23,4.41,3.59,15.44,3.65,3.58,15.9,6.08,4.32,16.79,4.98,5.22,18.0,17.49,34.49,51.48,32.88,34.48,53.23,39.47,40.59,53.72,55.59
37,2.265263157894737,0.9210526315789473,0.7105263157894737,2.943157894736842,0.8410526315387926,0.6073684210526316,2.923157894736842,0.8947368421052632,0.6168421052631579,3.033684210526316,1.276842105263158,1.6378947368421053,4.336842105182848,2.0631578947368423,1.987368421012477,4.55789473680195,1.3010526315789475,0.9105263157894737,4.5673684210124765,1.5715789473282664,0.9252631578947368,4.412631578907214,2.829473684210526,4.905263157814427,13.853684210526316,2.356842105263158,1.28210526311774,13.755789473362972,3.4136842104460063,2.647368421012477,14.526315789313065,3.0852631578144276,2.3547368420249537,14.747368420892013,3.687368421012477,2.650526315789474,15.437894736681486,3.48210526311774,3.099999999959845,16.213684210365695,16.154736841944644,36.526315789473685,62.707368420410155,35.485263157894735,39.81894736809981,72.53473684146279,45.81157894704718,55.80315789409437,76.51789473555715,2.37,0.96,1.07,3.75,1.16,0.57,3.69,1.06,1.18,4.01,1.83,1.54,5.42,2.03,2.2,6.27,2.07,1.2,6.35,2.21,1.38,6.4,4.17,7.51,14.53,2.37,1.82,14.84,3.88,3.33,15.89,3.71,3.11,16.68,6.2,4.47,17.87,5.88,4.78,19.63,22.04,37.0,52.11,35.86,37.25,53.56,43.04,42.71,53.92,55.59
38,2.1810526315387926,0.8842105263157894,0.6821052631578948,2.808421052591424,0.7063157894736842,0.5768421052631579,2.719999999959845,0.8726315789473684,0.6252631578947369,2.798947368380898,1.191578947368421,1.4557894736842105,4.163157894656533,1.9494736841703717,1.8231578946966873,4.2631578946565325,1.211578947368421,0.8673684210526316,4.259999999919691,1.5157894736842106,0.9389473684210526,4.118947368421052,2.6052631578947367,4.655789473644056,13.748421052310341,2.2473684210526317,1.156842105263158,13.633684210526315,3.257894736761796,2.5726315789072136,14.338947368421053,2.7999999999598453,2.147368420972322,14.616842105263158,3.4252631578144275,2.278947368421053,15.258947368260435,3.0599999999598455,2.9410526315789474,15.968421052631578,15.590526315789473,36.22315789409436,62.93999999967876,35.24421052615517,39.90105263157895,72.36105263093647,45.393684209883844,56.43157894672595,76.50947368356805,2.62,1.13,0.93,3.62,1.09,1.14,3.46,1.28,0.63,3.7,1.76,1.97,5.4,2.02,2.26,5.52,2.25,0.88,5.52,1.89,1.2,5.52,3.52,5.53,13.59,2.63,1.38,13.8,3.42,3.08,14.81,3.48,2.72,15.1,4.33,2.77,16.32,3.31,2.74,16.99,17.44,33.94,51.6,32.83,35.59,53.15,39.5,41.54,53.5,55.59
39,2.0894736842105264,0.8378947368421052,0.7157894736842105,2.863157894736842,0.708421052631579,0.6052631578947368,2.7842105263157895,0.8368421052631579,0.6421052631578947,2.888421052631579,1.2852631578947369,1.4821052631578948,4.268421052591425,1.916842105263158,1.8589473684210527,4.496842105263158,1.3021052631578947,0.8515789473684211,4.511578947368421,1.5894736842105264,0.9147368421052632,4.321052631578947,2.893684210526316,4.665263157854582,13.87263157878675,2.383157894736842,1.1852631578947368,13.722105263157895,3.4021052631578947,2.6442105263157893,14.464210526315789,3.0442105263157893,2.2242105263157894,14.684210526155171,3.736842105263158,2.5431578947368423,15.423157894576223,3.3557894736842107,2.8547368420249537,16.11999999967876,15.785263157894736,36.314736841784026,62.771578946725946,35.27473684210526,39.34421052567331,72.37578947304173,45.2684210519891,55.97684210429944,76.4,2.44,0.98,0.49,3.26,0.96,0.49,3.16,0.85,0.64,3.5,0.98,1.43,4.7,1.89,1.92,4.67,1.1,0.76,4.71,1.49,1.15,4.63,2.97,5.23,14.64,2.22,1.16,14.7,3.46,2.67,15.58,3.03,2.32,16.45,3.73,2.99,17.42,3.81,3.26,18.05,16.62,35.08,50.83,33.41,34.82,52.42,39.23,42.22,52.82,55.59
40,2.193684210486161,0.8810526315789474,0.6463157894736842,2.9263157894335294,0.7136842105263158,0.6021052631578947,2.8463157894335294,0.8505263157894737,0.6368421052631579,2.927368421012477,1.2473684210526317,1.388421052631579,4.328421052631579,2.001052631538793,1.9463157894335295,4.54842105247096,1.2642105263157895,0.9189473684210526,4.531578947288112,1.5663157894335296,0.9052631578947369,4.36842105255127,3.0231578946966873,4.85999999991969,13.858947368260434,2.514736842105263,1.2378947368019506,13.769473684049908,3.288421052591424,2.6378947368019507,14.52842105247096,2.9284210525914243,2.2052631578545823,14.839999999839382,3.832631578867059,2.6768421052230034,15.623157894576224,3.4873684209723224,2.946315789473684,16.49263157862613,16.109473684049906,36.99157894704718,62.9673684207314,35.96736842041015,40.38947368421053,72.44631578850998,46.37263157830489,56.84947368356805,76.36842105166787,2.25,0.92,1.34,3.6,1.11,1.0,3.47,1.36,1.55,3.52,2.54,2.6,4.78,1.82,1.7,5.07,1.62,1.42,5.14,2.42,2.13,5.2,4.37,5.39,13.0,2.6,2.08,13.07,3.23,3.06,13.91,3.94,2.71,14.0,5.56,3.81,14.4,5.17,3.58,15.19,16.4,34.44,51.7,31.69,34.91,53.05,39.53,42.21,53.58,55.59
41,2.130526315749319,0.9778947368421053,0.7315789473684211,2.8210526315387927,0.7957894736039011,0.6589473684210526,2.770526315749319,0.9526315789072137,0.66210526311774,2.868421052591424,1.3694736841302169,1.62421052623548,4.207368421012477,1.9168421052230031,1.8494736841302168,4.429473684170372,1.3536842104460063,1.0052631578144273,4.455789473644056,1.6231578946565326,0.9957894736842106,4.328421052591424,3.041052631498638,4.68421052623548,13.563157894736841,2.392631578867059,1.3842105262756348,13.575789473362972,3.4073684208920128,2.8526315789473684,14.28105263125771,3.2999999999598453,2.4084210525914242,14.550526315468236,3.937894736761796,2.732631578867059,15.127368420731393,3.6757894736842105,3.0642105262756347,15.733684210526317,16.06736842105263,35.77999999935752,63.15894736777858,34.91684210494192,39.72631578883121,72.75473684082031,45.52736842008892,56.4757894727205,76.71368420988384,2.34,1.54,0.88,3.84,1.18,1.06,3.55,1.25,1.05,3.49,1.65,1.7,4.66,2.1,2.16,5.04,1.66,1.52,5.12,2.36,0.94,4.91,3.8,5.02,14.8,2.27,1.89,15.22,3.88,3.2,16.35,4.5,2.82,16.96,4.56,2.98,18.73,3.94,2.94,20.02,20.34,36.45,51.41,35.22,36.99,53.38,41.02,41.49,53.96,55.59
42,2.1789473683808978,0.8294736842105264,0.6473684210526316,2.8315789473282664,0.6778947368421052,0.5578947368421052,2.7399999999598452,0.7978947368019506,0.5610526315789474,2.836842105223003,1.2,1.4894736842105263,4.301052631538792,1.9631578946966874,1.8947368420651085,4.525263157814427,1.2757894736440558,0.86210526311774,4.507368420972322,1.4389473684210525,0.868421052631579,4.2494736841302165,2.887368421012477,4.944210526275635,14.051578947207803,2.3031578946966875,1.2357894736842105,13.888421052310342,3.2894736841703716,2.7294736841703715,14.589473684210526,3.005263157854582,2.285263157894737,14.974736842105264,3.82210526311774,2.5063157894335295,15.646315789152446,3.4421052631177402,2.9926315789072135,16.641052631578948,16.658947368260435,37.61894736809982,63.01789473555716,36.575789473362974,41.547368420088915,72.69894736842106,46.96947368388929,56.71578947304174,76.70947368421052,2.08,0.92,0.9,2.42,0.81,0.58,2.45,0.74,0.5,2.62,1.43,1.56,3.94,1.85,1.82,3.79,1.43,0.87,3.8,1.54,0.78,3.93,2.58,5.14,13.17,2.11,1.78,13.13,3.16,3.1,13.97,4.0,2.81,14.43,5.05,3.79,14.7,4.62,2.93,15.45,15.24,34.35,51.47,32.24,34.29,53.3,39.63,40.6,53.8,55.59
43,2.1505263157091643,0.8905263157894737,0.6936842105263158,2.741052631498638,0.7157894736842105,0.6431578947368422,2.692631578867059,0.8842105263157894,0.6263157894736842,2.812631578867059,1.2105263157894737,1.5010526315789474,4.1147368421052635,1.8799999999196906,1.772631578867059,4.202105263157895,1.333684210486161,0.9326315789072137,4.185263157894737,1.4663157894335295,0.94,4.104210526315789,2.6242105263157893,4.689473684130217,13.642105263157895,2.2852631578545823,1.2263157894736842,13.502105262997276,3.163157894736842,2.712631578867059,14.287368420892014,3.079999999959845,2.338947368380898,14.507368420731394,3.7252631578545823,2.482105263157895,14.975789473362973,3.3631578946966876,2.978947368340743,15.507368420892012,15.326315789313066,36.32315789457623,62.88315789409437,35.223157894576225,39.3821052631579,72.4421052631579,45.710526315147,56.22842105134663,76.27789473555715,2.25,0.94,0.5,2.51,1.13,0.83,2.47,0.84,0.52,2.39,0.82,0.85,4.36,2.05,1.93,3.97,1.2,1.09,3.89,0.91,0.8,3.64,1.28,4.17,12.69,2.76,2.18,12.91,3.1,2.62,13.33,3.11,2.29,13.46,3.29,2.38,14.21,2.23,2.64,15.95,16.98,34.48,51.77,31.4,34.69,53.53,38.38,40.11,54.0,55.59
44,2.111578947368421,0.8957894736842106,0.7252631578947368,2.7842105263157895,0.7842105263157895,0.6094736842105263,2.714736842105263,0.8957894736842106,0.6589473684210526,2.8189473684210524,1.3621052631578947,1.6136842105263158,4.313684210526316,1.8863157894736842,1.7642105263157895,4.503157894736842,1.348421052631579,0.9821052631578947,4.524210526315789,1.6294736842105264,1.0105263157894737,4.351578947368421,3.068421052631579,4.637894736842105,13.734736842024954,2.5168421052631578,1.3336842105263158,13.66842105263158,3.331578947368421,2.7505263157894735,14.362105263077586,3.0305263157894737,2.2010526315387926,14.729473683889289,4.231578947368421,2.9873684210526315,15.286315789152447,3.4894736841703717,2.897894736842105,16.08842105231034,16.374736841944646,36.39789473619963,62.61578947304174,35.46210526251542,40.46421052599455,72.20421052599455,46.236842104620685,56.12,76.2789473671361,2.4,0.95,0.78,2.59,0.73,0.69,2.29,0.64,0.5,2.43,0.91,1.13,3.96,2.08,2.28,3.33,1.01,0.67,2.97,1.23,0.91,2.81,1.42,3.65,13.53,1.67,0.88,13.67,2.82,2.34,14.35,2.65,2.24,14.72,2.89,2.52,14.96,2.49,3.15,16.0,13.5,34.98,51.71,33.56,34.61,53.59,38.04,40.62,54.09,55.59
45,2.187368420972322,0.9010526315789473,0.6894736842105263,2.7863157893933748,0.7263157894736842,0.64,2.7263157893933747,0.8599999999598453,0.6736842105263158,2.8399999999196908,1.2526315789072138,1.4968421051828484,4.195789473603901,1.9305263157493189,1.9652631578947368,4.4115789473684215,1.2673684210526315,0.911578947368421,4.3852631578947365,1.4936842104861612,0.9873684210526316,4.253684210526316,2.8336842104460063,4.442105263157894,13.750526315789473,2.296842105223003,1.211578947368421,13.674736841784025,3.4831578946966872,2.745263157894737,14.410526315468235,3.0031578946565327,2.1284210525914244,14.555789473362973,3.6378947367617958,2.5336842104460064,15.302105262836657,3.3536842104861613,2.885263157894737,15.977894736842105,15.64421052615517,36.38421052631579,63.105263157573496,35.197894736520865,40.27684210526316,72.64736842008892,45.6473684207314,55.70526315725226,76.52947368356806,2.47,0.79,0.61,4.12,1.26,0.86,3.93,1.53,0.97,4.02,1.72,2.52,5.35,2.03,2.26,5.42,1.65,1.1,5.5,1.83,1.6,5.42,3.57,4.86,12.39,2.67,1.43,12.56,4.33,3.55,13.36,3.02,2.83,13.72,4.26,2.98,14.65,3.46,2.35,16.46,19.05,34.71,51.89,32.32,35.27,53.8,37.65,41.37,54.28,55.59
46,2.1968421052230034,0.8452631578947368,0.6747368421052632,2.961052631538793,0.8021052631578948,0.62,2.876842105223003,0.8747368421052631,0.6705263157894736,2.9926315789072135,1.3031578946966873,1.6378947368019505,4.271578947288112,1.987368421012477,1.945263157854582,4.511578947368421,1.2789473683808978,0.9010526315789473,4.432631578867059,1.5589473684210526,0.988421052631579,4.312631578947369,2.8147368420651087,4.631578947288111,13.625263157894738,2.382105263077585,1.196842105263158,13.497894736842106,3.461052631498638,2.7168421051828484,14.223157894415605,2.957894736842105,2.276842105263158,14.402105262836658,3.7063157894335297,2.48,14.99157894736842,3.4642105262756346,2.7642105263157895,15.829473684210527,15.670526315628855,35.776842104620684,62.75473684146279,34.82947368388929,39.58315789473684,72.37999999871505,44.15263157894737,55.218947368421055,76.25578947239926,2.21,1.09,0.82,2.44,0.9,0.55,2.27,1.05,0.85,2.2,1.62,1.44,4.18,1.86,1.79,4.22,0.72,0.73,4.23,1.53,1.61,3.77,2.39,2.95,14.55,2.64,1.67,14.5,3.02,2.48,14.79,2.37,2.03,14.63,3.76,3.3,14.97,2.78,2.12,14.78,14.42,33.11,51.62,32.32,35.23,53.7,37.91,40.83,54.27,55.59
47,2.1978947368421053,0.8421052631578947,0.708421052631579,2.9115789473282665,0.7305263157894737,0.5989473684210527,2.86210526311774,0.8831578947368421,0.6684210526315789,2.973684210486161,1.3242105263157895,1.6031578947368421,4.237894736801951,1.9157894736842105,1.8905263157894736,4.497894736801951,1.3326315789473684,0.8789473684210526,4.515789473644056,1.490526315749319,1.0368421052631578,4.474736842065108,2.9778947368019506,4.773684210486161,13.7757894736039,2.3399999999598453,1.2210526315789474,13.706315789393376,3.4,2.6642105263157894,14.368421052591424,3.0115789472881116,2.3515789472881115,14.721052631498639,3.825263157854582,2.6031578946966873,15.249473684130217,3.5242105262756347,2.957894736842105,15.963157894656533,15.777894736761796,36.311578947368425,62.91052631482576,34.99368421052632,39.28842105231034,72.55473684082031,45.66,56.00421052631579,76.4684210519891,2.09,1.03,0.9,3.46,0.92,0.88,3.43,1.25,0.77,3.54,2.11,2.26,4.17,1.88,2.22,4.78,1.76,1.14,5.04,2.18,0.79,4.97,4.48,5.88,12.9,2.43,1.29,13.22,3.01,3.24,14.11,3.67,2.98,14.68,5.47,3.8,16.31,3.57,2.31,16.69,18.29,34.72,51.71,32.32,33.2,52.8,38.58,42.39,53.61,55.59
48,2.2231578946966875,0.9357894736842105,0.6968421052631579,3.0399999999598455,0.7589473684210526,0.6052631578947368,2.9578947368019506,0.9873684210526316,0.6505263157894737,3.0747368420651084,1.2221052631578948,1.5578947368421052,4.356842105223003,1.9947368420651084,1.9336842104861611,4.626315789433529,1.3189473684210526,0.888421052631579,4.632631578907214,1.5515789473282664,0.9831578947368421,4.489473684170371,2.9178947368019506,5.103157894736842,13.969473684130216,2.258947368421053,1.1726315789473685,13.908421052551269,3.5221052630775853,2.7526315789473683,14.663157894656532,3.049473684170372,2.2094736842105265,14.958947368340743,3.9599999999598454,2.6663157894335296,15.641052631578948,3.402105263077585,2.9084210525914242,16.494736841944643,16.89578947368421,37.086315789152444,62.95789473652087,36.42842105231034,41.11263157862613,72.41999999935753,46.42947368388929,56.61578947336297,76.50736842105263,2.38,1.28,0.62,3.27,1.02,0.92,3.26,1.55,0.79,3.31,1.26,1.72,3.87,1.9,2.21,3.57,1.07,0.94,3.43,1.63,1.13,3.29,2.64,4.96,11.62,2.6,1.83,11.51,2.81,2.57,12.27,2.77,1.89,12.5,4.28,3.33,13.09,3.69,3.2,13.98,15.06,32.46,51.56,30.06,33.6,53.5,37.78,42.6,54.24,55.59
49,2.1378947367617958,0.8768421052230032,0.6421052631177401,2.809473684210526,0.7621052631578947,0.6168421052631579,2.743157894736842,0.8557894736842105,0.671578947368421,2.870526315628855,1.3231578946966873,1.6663157894335294,4.162105263157895,1.8999999999196906,1.8399999999196905,4.403157894736842,1.3263157893933748,0.910526315749319,4.3852631578947365,1.5263157893933748,0.9599999998393811,4.278947368421052,3.0705263157091642,5.326315789473684,13.8652631575735,2.4357894736440557,1.3168421052631578,13.74736842105263,3.3999999999196904,2.771578947368421,14.523157894576224,3.1936842105263157,2.3221052631578947,14.869473684049908,4.011578947368421,2.521052631498638,15.502105262997276,3.6431578945762233,2.9294736841302167,16.375789473523593,16.838947368099817,36.79263157862613,62.78526315725226,35.536842105263155,40.43368421020508,72.25052631578947,45.55789473587839,56.67052631450452,76.27263157766242,2.21,0.91,0.63,3.15,1.05,0.8,3.12,1.86,1.48,3.48,1.57,2.42,4.65,1.71,1.8,5.0,1.67,1.28,5.02,1.82,2.3,5.17,3.11,5.01,13.31,1.94,2.05,13.46,3.36,3.58,14.32,3.93,3.19,15.15,4.64,2.61,16.03,4.35,1.91,17.48,16.61,34.5,51.14,32.23,34.72,52.88,39.65,39.64,53.44,55.59
