;test_accuracy;Epoch;train-saturation_features-0;train-saturation_features-4;train-saturation_features-8;train-saturation_features-11;train-saturation_features-15;train-saturation_features-18;train-saturation_features-21;train-saturation_features-24;train-saturation_features-28;train-saturation_features-31;train-saturation_features-34;train-saturation_features-37;train-saturation_features-40;train-saturation_features-43;train-saturation_features-46;train-saturation_features-49;train-saturation_classifier;eval-saturation_features-0;eval-saturation_features-4;eval-saturation_features-8;eval-saturation_features-11;eval-saturation_features-15;eval-saturation_features-18;eval-saturation_features-21;eval-saturation_features-24;eval-saturation_features-28;eval-saturation_features-31;eval-saturation_features-34;eval-saturation_features-37;eval-saturation_features-40;eval-saturation_features-43;eval-saturation_features-46;eval-saturation_features-49;eval-saturation_classifier
0;28.4;0;0.046875;0.21875;0.21875;0.2734375;0.015625;0.01171875;0.01171875;0.01171875;0.0;0.001953125;0.001953125;0.001953125;0.001953125;0.00390625;0.00390625;0.00390625;0.2;0.046875;0.203125;0.1953125;0.2265625;0.015625;0.01171875;0.01171875;0.01171875;0.0;0.001953125;0.001953125;0.001953125;0.00390625;0.00390625;0.001953125;0.001953125;0.1
1;33.03;1;0.0625;0.28125;0.28125;0.3203125;0.0234375;0.01171875;0.01171875;0.01171875;0.0;0.001953125;0.001953125;0.001953125;0.001953125;0.00390625;0.00390625;0.00390625;0.2;0.046875;0.25;0.2421875;0.234375;0.01953125;0.01171875;0.01171875;0.01171875;0.0;0.0;0.0;0.001953125;0.001953125;0.001953125;0.00390625;0.00390625;0.2
2;43.57;2;0.078125;0.328125;0.328125;0.3671875;0.03125;0.01953125;0.015625;0.01171875;0.0;0.001953125;0.001953125;0.001953125;0.00390625;0.00390625;0.005859375;0.005859375;0.3;0.078125;0.3125;0.296875;0.28125;0.0234375;0.01171875;0.01171875;0.01171875;0.0;0.001953125;0.001953125;0.001953125;0.001953125;0.00390625;0.005859375;0.005859375;0.3
3;47.28;3;0.09375;0.390625;0.390625;0.4296875;0.0390625;0.01953125;0.015625;0.01171875;0.0;0.00390625;0.00390625;0.00390625;0.00390625;0.00390625;0.0078125;0.0078125;0.3;0.09375;0.375;0.3515625;0.328125;0.03125;0.015625;0.01171875;0.01171875;0.0;0.001953125;0.001953125;0.001953125;0.001953125;0.001953125;0.00390625;0.005859375;0.3
4;52.38;4;0.109375;0.421875;0.4140625;0.4375;0.0546875;0.03125;0.015625;0.015625;0.001953125;0.00390625;0.00390625;0.00390625;0.005859375;0.005859375;0.0078125;0.009765625;0.4;0.09375;0.421875;0.375;0.375;0.04296875;0.0234375;0.015625;0.015625;0.0;0.00390625;0.00390625;0.00390625;0.00390625;0.005859375;0.0078125;0.009765625;0.3
5;50.41;5;0.109375;0.46875;0.4453125;0.46875;0.078125;0.03515625;0.01953125;0.015625;0.001953125;0.00390625;0.005859375;0.005859375;0.0078125;0.0078125;0.009765625;0.009765625;0.4;0.109375;0.453125;0.40625;0.3828125;0.05859375;0.0234375;0.01171875;0.01171875;0.0;0.001953125;0.001953125;0.001953125;0.00390625;0.00390625;0.0078125;0.0078125;0.3
6;59.29;6;0.109375;0.484375;0.4609375;0.484375;0.08984375;0.0390625;0.01953125;0.015625;0.001953125;0.00390625;0.005859375;0.0078125;0.0078125;0.0078125;0.009765625;0.01171875;0.5;0.109375;0.484375;0.4140625;0.375;0.07421875;0.0390625;0.015625;0.015625;0.001953125;0.00390625;0.00390625;0.005859375;0.005859375;0.005859375;0.0078125;0.009765625;0.4
7;58.18;7;0.109375;0.484375;0.484375;0.4921875;0.09375;0.046875;0.0234375;0.01953125;0.001953125;0.00390625;0.005859375;0.005859375;0.0078125;0.0078125;0.009765625;0.013671875;0.5;0.109375;0.484375;0.4375;0.4140625;0.08203125;0.046875;0.01953125;0.015625;0.001953125;0.00390625;0.00390625;0.00390625;0.005859375;0.005859375;0.0078125;0.0078125;0.3
8;61.79;8;0.109375;0.515625;0.5;0.5234375;0.10546875;0.05859375;0.0234375;0.01953125;0.001953125;0.00390625;0.005859375;0.005859375;0.0078125;0.0078125;0.009765625;0.013671875;0.5;0.125;0.515625;0.453125;0.4453125;0.0859375;0.0546875;0.01953125;0.015625;0.001953125;0.00390625;0.00390625;0.005859375;0.005859375;0.005859375;0.009765625;0.01171875;0.4
9;62.72;9;0.125;0.515625;0.515625;0.515625;0.11328125;0.0703125;0.02734375;0.0234375;0.001953125;0.005859375;0.005859375;0.0078125;0.0078125;0.0078125;0.01171875;0.013671875;0.5;0.125;0.5;0.4609375;0.4375;0.0859375;0.0625;0.0234375;0.01953125;0.001953125;0.00390625;0.005859375;0.005859375;0.005859375;0.005859375;0.009765625;0.009765625;0.4
10;65.12;10;0.125;0.53125;0.53125;0.53125;0.1171875;0.07421875;0.03125;0.0234375;0.001953125;0.00390625;0.005859375;0.005859375;0.0078125;0.0078125;0.01171875;0.013671875;0.5;0.125;0.515625;0.46875;0.4453125;0.09765625;0.07421875;0.03125;0.01953125;0.001953125;0.00390625;0.005859375;0.005859375;0.005859375;0.0078125;0.009765625;0.01171875;0.4
11;64.07;11;0.125;0.53125;0.53125;0.5390625;0.125;0.0859375;0.0390625;0.02734375;0.001953125;0.005859375;0.005859375;0.005859375;0.0078125;0.009765625;0.009765625;0.013671875;0.5;0.125;0.515625;0.484375;0.4765625;0.1015625;0.0703125;0.03515625;0.0234375;0.001953125;0.005859375;0.005859375;0.005859375;0.005859375;0.0078125;0.0078125;0.009765625;0.4
12;68.12;12;0.125;0.546875;0.5546875;0.5546875;0.1328125;0.08984375;0.04296875;0.03125;0.00390625;0.005859375;0.005859375;0.0078125;0.0078125;0.009765625;0.009765625;0.015625;0.5;0.140625;0.53125;0.5;0.484375;0.1015625;0.06640625;0.0390625;0.0234375;0.00390625;0.005859375;0.005859375;0.005859375;0.0078125;0.0078125;0.0078125;0.009765625;0.4
13;64.44;13;0.140625;0.546875;0.5625;0.578125;0.13671875;0.09375;0.046875;0.03515625;0.00390625;0.005859375;0.005859375;0.0078125;0.0078125;0.009765625;0.01171875;0.015625;0.6;0.140625;0.53125;0.5078125;0.4921875;0.109375;0.0703125;0.046875;0.02734375;0.00390625;0.005859375;0.005859375;0.005859375;0.0078125;0.0078125;0.0078125;0.009765625;0.4
14;70.24;14;0.140625;0.546875;0.5625;0.578125;0.14453125;0.1015625;0.04296875;0.03515625;0.00390625;0.00390625;0.005859375;0.0078125;0.0078125;0.009765625;0.01171875;0.013671875;0.6;0.140625;0.53125;0.5;0.5;0.109375;0.078125;0.046875;0.03125;0.00390625;0.00390625;0.005859375;0.005859375;0.0078125;0.0078125;0.009765625;0.01171875;0.4
15;66.07;15;0.140625;0.5625;0.578125;0.6015625;0.1484375;0.10546875;0.046875;0.0390625;0.00390625;0.00390625;0.005859375;0.0078125;0.0078125;0.0078125;0.01171875;0.015625;0.6;0.140625;0.546875;0.5234375;0.53125;0.109375;0.078125;0.04296875;0.03515625;0.00390625;0.00390625;0.00390625;0.005859375;0.0078125;0.0078125;0.009765625;0.01171875;0.5
16;71.34;16;0.140625;0.5625;0.6015625;0.6015625;0.16015625;0.109375;0.04296875;0.03515625;0.00390625;0.00390625;0.00390625;0.005859375;0.0078125;0.009765625;0.01171875;0.015625;0.6;0.140625;0.546875;0.5234375;0.5234375;0.109375;0.08203125;0.04296875;0.03515625;0.00390625;0.00390625;0.00390625;0.005859375;0.0078125;0.0078125;0.009765625;0.009765625;0.4
17;73.08;17;0.140625;0.5625;0.6015625;0.6171875;0.15234375;0.109375;0.04296875;0.0390625;0.00390625;0.00390625;0.00390625;0.005859375;0.0078125;0.0078125;0.01171875;0.015625;0.6;0.15625;0.546875;0.5234375;0.546875;0.11328125;0.08984375;0.046875;0.03515625;0.00390625;0.00390625;0.00390625;0.005859375;0.005859375;0.0078125;0.009765625;0.01171875;0.5
18;72.39;18;0.15625;0.5625;0.6171875;0.625;0.15625;0.109375;0.04296875;0.0390625;0.00390625;0.00390625;0.00390625;0.005859375;0.0078125;0.009765625;0.01171875;0.015625;0.6;0.15625;0.546875;0.5390625;0.53125;0.1171875;0.0859375;0.04296875;0.03515625;0.00390625;0.00390625;0.00390625;0.005859375;0.005859375;0.0078125;0.009765625;0.01171875;0.5
19;72.1;19;0.15625;0.5625;0.625;0.625;0.16796875;0.109375;0.04296875;0.0390625;0.00390625;0.00390625;0.00390625;0.005859375;0.0078125;0.0078125;0.01171875;0.015625;0.6;0.15625;0.546875;0.5546875;0.546875;0.1171875;0.08203125;0.04296875;0.03515625;0.00390625;0.00390625;0.00390625;0.005859375;0.005859375;0.005859375;0.009765625;0.01171875;0.5
20;72.34;20;0.15625;0.578125;0.6328125;0.6484375;0.16015625;0.109375;0.04296875;0.0390625;0.00390625;0.00390625;0.00390625;0.00390625;0.005859375;0.0078125;0.01171875;0.015625;0.6;0.15625;0.5625;0.5546875;0.578125;0.1171875;0.08203125;0.04296875;0.03515625;0.00390625;0.00390625;0.00390625;0.005859375;0.005859375;0.005859375;0.0078125;0.009765625;0.4
21;71.08;21;0.15625;0.578125;0.6328125;0.6328125;0.17578125;0.11328125;0.04296875;0.0390625;0.00390625;0.00390625;0.00390625;0.00390625;0.005859375;0.0078125;0.01171875;0.015625;0.6;0.15625;0.578125;0.5625;0.5703125;0.12109375;0.08984375;0.04296875;0.0390625;0.00390625;0.00390625;0.00390625;0.00390625;0.005859375;0.005859375;0.009765625;0.01171875;0.5
22;73.79;22;0.140625;0.578125;0.640625;0.65625;0.17578125;0.11328125;0.04296875;0.0390625;0.00390625;0.00390625;0.00390625;0.00390625;0.005859375;0.0078125;0.009765625;0.015625;0.6;0.15625;0.5625;0.5703125;0.5859375;0.125;0.08984375;0.04296875;0.0390625;0.00390625;0.00390625;0.00390625;0.00390625;0.005859375;0.005859375;0.009765625;0.01171875;0.5
23;70.41;23;0.15625;0.578125;0.640625;0.6484375;0.17578125;0.109375;0.04296875;0.0390625;0.00390625;0.00390625;0.00390625;0.00390625;0.00390625;0.0078125;0.009765625;0.015625;0.6;0.15625;0.578125;0.5703125;0.578125;0.12109375;0.0859375;0.04296875;0.0390625;0.00390625;0.00390625;0.00390625;0.00390625;0.00390625;0.005859375;0.009765625;0.009765625;0.5
24;66.98;24;0.15625;0.59375;0.65625;0.6640625;0.18359375;0.11328125;0.04296875;0.0390625;0.00390625;0.00390625;0.00390625;0.00390625;0.005859375;0.0078125;0.009765625;0.015625;0.6;0.15625;0.59375;0.578125;0.5859375;0.12109375;0.0859375;0.04296875;0.0390625;0.00390625;0.00390625;0.00390625;0.00390625;0.005859375;0.005859375;0.009765625;0.009765625;0.4
25;72.75;25;0.15625;0.59375;0.6484375;0.65625;0.19140625;0.11328125;0.04296875;0.0390625;0.00390625;0.00390625;0.00390625;0.00390625;0.00390625;0.0078125;0.009765625;0.015625;0.6;0.15625;0.578125;0.5703125;0.578125;0.12890625;0.08203125;0.04296875;0.03515625;0.00390625;0.00390625;0.00390625;0.00390625;0.00390625;0.005859375;0.009765625;0.009765625;0.5
26;73.96;26;0.15625;0.59375;0.65625;0.6640625;0.18359375;0.11328125;0.04296875;0.0390625;0.00390625;0.00390625;0.00390625;0.00390625;0.00390625;0.0078125;0.009765625;0.015625;0.6;0.15625;0.578125;0.59375;0.5859375;0.12890625;0.08984375;0.0390625;0.03515625;0.00390625;0.00390625;0.00390625;0.00390625;0.00390625;0.005859375;0.0078125;0.01171875;0.4
27;73.81;27;0.15625;0.609375;0.6640625;0.671875;0.203125;0.12109375;0.04296875;0.0390625;0.00390625;0.00390625;0.00390625;0.00390625;0.00390625;0.005859375;0.009765625;0.017578125;0.6;0.15625;0.59375;0.578125;0.5859375;0.12890625;0.08203125;0.0390625;0.03515625;0.00390625;0.00390625;0.00390625;0.00390625;0.00390625;0.005859375;0.009765625;0.01171875;0.5
28;73.58;28;0.15625;0.578125;0.6640625;0.671875;0.203125;0.1171875;0.04296875;0.0390625;0.00390625;0.00390625;0.00390625;0.00390625;0.00390625;0.0078125;0.009765625;0.017578125;0.6;0.15625;0.5625;0.5859375;0.59375;0.1328125;0.0859375;0.04296875;0.03515625;0.00390625;0.00390625;0.00390625;0.00390625;0.00390625;0.005859375;0.0078125;0.009765625;0.5
29;65.94;29;0.15625;0.59375;0.671875;0.6796875;0.19921875;0.1171875;0.04296875;0.0390625;0.00390625;0.00390625;0.00390625;0.00390625;0.00390625;0.005859375;0.009765625;0.015625;0.7;0.15625;0.578125;0.59375;0.6015625;0.13671875;0.09375;0.04296875;0.0390625;0.00390625;0.00390625;0.00390625;0.00390625;0.00390625;0.005859375;0.0078125;0.01171875;0.5
30;73.27;30;0.15625;0.609375;0.671875;0.6875;0.2109375;0.1171875;0.04296875;0.0390625;0.00390625;0.00390625;0.00390625;0.00390625;0.00390625;0.005859375;0.009765625;0.015625;0.6;0.15625;0.578125;0.59375;0.6015625;0.13671875;0.09375;0.04296875;0.0390625;0.00390625;0.00390625;0.00390625;0.00390625;0.00390625;0.005859375;0.009765625;0.009765625;0.5
31;72.07;31;0.15625;0.59375;0.671875;0.6875;0.21484375;0.1171875;0.04296875;0.0390625;0.00390625;0.00390625;0.00390625;0.00390625;0.00390625;0.005859375;0.009765625;0.017578125;0.6;0.15625;0.578125;0.6015625;0.6015625;0.13671875;0.08984375;0.04296875;0.0390625;0.00390625;0.00390625;0.00390625;0.00390625;0.00390625;0.005859375;0.009765625;0.01171875;0.4
32;69.14;32;0.15625;0.59375;0.671875;0.6796875;0.21875;0.1171875;0.04296875;0.0390625;0.00390625;0.00390625;0.00390625;0.00390625;0.00390625;0.005859375;0.009765625;0.017578125;0.7;0.15625;0.578125;0.59375;0.609375;0.1328125;0.08203125;0.04296875;0.0390625;0.00390625;0.00390625;0.00390625;0.00390625;0.00390625;0.00390625;0.0078125;0.009765625;0.4
33;75.63;33;0.15625;0.609375;0.6796875;0.6875;0.21875;0.1171875;0.04296875;0.04296875;0.00390625;0.00390625;0.00390625;0.00390625;0.00390625;0.005859375;0.009765625;0.017578125;0.7;0.15625;0.59375;0.6015625;0.6171875;0.140625;0.0859375;0.04296875;0.0390625;0.00390625;0.00390625;0.00390625;0.00390625;0.00390625;0.005859375;0.009765625;0.01171875;0.5
34;73.53;34;0.15625;0.609375;0.6796875;0.6953125;0.21875;0.1171875;0.04296875;0.0390625;0.00390625;0.00390625;0.00390625;0.00390625;0.00390625;0.005859375;0.009765625;0.017578125;0.7;0.15625;0.59375;0.59375;0.609375;0.1328125;0.0859375;0.04296875;0.03515625;0.00390625;0.00390625;0.00390625;0.00390625;0.00390625;0.00390625;0.0078125;0.01171875;0.4
35;76.74;35;0.15625;0.609375;0.6875;0.703125;0.22265625;0.12109375;0.04296875;0.0390625;0.00390625;0.00390625;0.00390625;0.00390625;0.00390625;0.005859375;0.009765625;0.017578125;0.6;0.15625;0.59375;0.609375;0.6328125;0.140625;0.08984375;0.04296875;0.03515625;0.00390625;0.00390625;0.00390625;0.00390625;0.00390625;0.00390625;0.0078125;0.01171875;0.4
36;66.16;36;0.15625;0.625;0.6875;0.7109375;0.2265625;0.1171875;0.04296875;0.0390625;0.00390625;0.00390625;0.00390625;0.00390625;0.00390625;0.005859375;0.009765625;0.015625;0.6;0.15625;0.59375;0.6015625;0.6328125;0.13671875;0.0859375;0.04296875;0.03515625;0.00390625;0.00390625;0.00390625;0.00390625;0.00390625;0.00390625;0.0078125;0.0078125;0.4
37;76.1;37;0.15625;0.625;0.6875;0.703125;0.22265625;0.12109375;0.04296875;0.0390625;0.00390625;0.00390625;0.00390625;0.00390625;0.00390625;0.005859375;0.009765625;0.017578125;0.6;0.15625;0.609375;0.6015625;0.625;0.14453125;0.08984375;0.04296875;0.03515625;0.00390625;0.00390625;0.00390625;0.00390625;0.00390625;0.00390625;0.0078125;0.01171875;0.5
38;73.8;38;0.15625;0.625;0.6953125;0.71875;0.23046875;0.11328125;0.04296875;0.03515625;0.00390625;0.00390625;0.00390625;0.00390625;0.00390625;0.005859375;0.009765625;0.015625;0.6;0.15625;0.609375;0.609375;0.6328125;0.14453125;0.0859375;0.04296875;0.03515625;0.00390625;0.00390625;0.00390625;0.00390625;0.00390625;0.00390625;0.0078125;0.01171875;0.4
39;72.84;39;0.15625;0.625;0.6875;0.703125;0.234375;0.12109375;0.04296875;0.03515625;0.00390625;0.00390625;0.00390625;0.00390625;0.00390625;0.005859375;0.009765625;0.015625;0.7;0.15625;0.59375;0.609375;0.625;0.140625;0.09375;0.04296875;0.03515625;0.00390625;0.00390625;0.00390625;0.00390625;0.00390625;0.00390625;0.009765625;0.01171875;0.5
40;72.99;40;0.15625;0.625;0.6875;0.7109375;0.2265625;0.12109375;0.04296875;0.03515625;0.00390625;0.00390625;0.00390625;0.00390625;0.00390625;0.005859375;0.009765625;0.017578125;0.6;0.15625;0.609375;0.609375;0.6484375;0.14453125;0.09375;0.04296875;0.03515625;0.00390625;0.00390625;0.00390625;0.00390625;0.00390625;0.00390625;0.0078125;0.009765625;0.4
41;69.53;41;0.15625;0.625;0.6953125;0.71875;0.234375;0.1171875;0.04296875;0.03515625;0.00390625;0.00390625;0.00390625;0.00390625;0.00390625;0.00390625;0.009765625;0.017578125;0.7;0.15625;0.609375;0.6015625;0.625;0.140625;0.0859375;0.04296875;0.03515625;0.00390625;0.00390625;0.00390625;0.00390625;0.00390625;0.00390625;0.009765625;0.01171875;0.5
42;57.93;42;0.15625;0.609375;0.6875;0.7109375;0.23046875;0.1171875;0.0390625;0.03515625;0.00390625;0.00390625;0.00390625;0.00390625;0.00390625;0.00390625;0.009765625;0.015625;0.7;0.15625;0.609375;0.609375;0.6328125;0.1484375;0.09765625;0.04296875;0.03515625;0.00390625;0.00390625;0.00390625;0.00390625;0.00390625;0.00390625;0.0078125;0.009765625;0.5
43;74.63;43;0.15625;0.609375;0.6875;0.71875;0.234375;0.125;0.04296875;0.03515625;0.00390625;0.00390625;0.00390625;0.00390625;0.00390625;0.005859375;0.009765625;0.017578125;0.7;0.15625;0.609375;0.6015625;0.6328125;0.14453125;0.09765625;0.04296875;0.03125;0.00390625;0.00390625;0.00390625;0.00390625;0.00390625;0.00390625;0.0078125;0.01171875;0.5
44;65.83;44;0.15625;0.625;0.6953125;0.71875;0.234375;0.1171875;0.04296875;0.03515625;0.00390625;0.00390625;0.00390625;0.00390625;0.00390625;0.00390625;0.009765625;0.015625;0.6;0.15625;0.609375;0.609375;0.6328125;0.1484375;0.0859375;0.04296875;0.03125;0.00390625;0.00390625;0.00390625;0.00390625;0.00390625;0.00390625;0.005859375;0.009765625;0.3
45;75.18;45;0.15625;0.625;0.6875;0.7265625;0.23828125;0.1171875;0.04296875;0.03125;0.00390625;0.00390625;0.00390625;0.00390625;0.00390625;0.00390625;0.0078125;0.015625;0.6;0.15625;0.609375;0.6015625;0.65625;0.1484375;0.08984375;0.04296875;0.03515625;0.00390625;0.00390625;0.00390625;0.00390625;0.00390625;0.00390625;0.0078125;0.009765625;0.4
46;78.43;46;0.15625;0.625;0.6953125;0.71875;0.2421875;0.12109375;0.04296875;0.03125;0.00390625;0.00390625;0.00390625;0.00390625;0.00390625;0.005859375;0.009765625;0.015625;0.7;0.15625;0.609375;0.6171875;0.6484375;0.14453125;0.09765625;0.0390625;0.02734375;0.00390625;0.00390625;0.00390625;0.00390625;0.00390625;0.00390625;0.0078125;0.013671875;0.6
47;74.84;47;0.15625;0.640625;0.6953125;0.71875;0.24609375;0.125;0.04296875;0.03125;0.00390625;0.00390625;0.00390625;0.00390625;0.00390625;0.005859375;0.009765625;0.017578125;0.7;0.15625;0.609375;0.609375;0.6484375;0.15234375;0.1015625;0.04296875;0.03125;0.00390625;0.00390625;0.00390625;0.00390625;0.00390625;0.00390625;0.0078125;0.013671875;0.5
48;76.01;48;0.15625;0.625;0.703125;0.7265625;0.24609375;0.1171875;0.04296875;0.03125;0.00390625;0.00390625;0.00390625;0.00390625;0.00390625;0.00390625;0.009765625;0.017578125;0.6;0.15625;0.609375;0.6171875;0.6484375;0.1484375;0.09375;0.04296875;0.03125;0.00390625;0.00390625;0.00390625;0.00390625;0.00390625;0.00390625;0.0078125;0.01171875;0.5
49;77.1;49;0.15625;0.625;0.703125;0.71875;0.24609375;0.1171875;0.04296875;0.03125;0.00390625;0.00390625;0.00390625;0.00390625;0.00390625;0.00390625;0.0078125;0.015625;0.7;0.15625;0.609375;0.625;0.65625;0.1484375;0.09375;0.04296875;0.03125;0.00390625;0.00390625;0.00390625;0.00390625;0.00390625;0.00390625;0.0078125;0.009765625;0.5
50;58.65;50;0.15625;0.640625;0.703125;0.7265625;0.2421875;0.12109375;0.04296875;0.03125;0.00390625;0.00390625;0.00390625;0.00390625;0.00390625;0.00390625;0.009765625;0.015625;0.7;0.15625;0.625;0.625;0.6640625;0.15234375;0.09765625;0.04296875;0.03125;0.00390625;0.00390625;0.00390625;0.00390625;0.00390625;0.00390625;0.0078125;0.009765625;0.4
51;73.25;51;0.15625;0.625;0.6953125;0.7265625;0.26171875;0.125;0.04296875;0.02734375;0.00390625;0.00390625;0.00390625;0.00390625;0.00390625;0.005859375;0.009765625;0.017578125;0.7;0.15625;0.609375;0.6171875;0.6484375;0.15234375;0.09375;0.04296875;0.02734375;0.00390625;0.00390625;0.00390625;0.00390625;0.00390625;0.00390625;0.0078125;0.009765625;0.4
52;72.26;52;0.15625;0.625;0.6953125;0.71875;0.2578125;0.12890625;0.046875;0.02734375;0.00390625;0.00390625;0.00390625;0.00390625;0.00390625;0.005859375;0.009765625;0.017578125;0.7;0.15625;0.625;0.625;0.65625;0.15234375;0.09765625;0.046875;0.0234375;0.00390625;0.00390625;0.00390625;0.00390625;0.00390625;0.00390625;0.0078125;0.009765625;0.5
53;78.05;53;0.15625;0.625;0.703125;0.7265625;0.265625;0.12890625;0.04296875;0.0234375;0.00390625;0.00390625;0.00390625;0.00390625;0.00390625;0.005859375;0.009765625;0.017578125;0.7;0.15625;0.609375;0.6171875;0.6640625;0.15625;0.1015625;0.046875;0.03125;0.00390625;0.00390625;0.00390625;0.00390625;0.00390625;0.00390625;0.0078125;0.01171875;0.5
54;73.37;54;0.15625;0.625;0.703125;0.71875;0.25390625;0.12890625;0.046875;0.03125;0.00390625;0.00390625;0.00390625;0.00390625;0.00390625;0.00390625;0.009765625;0.017578125;0.7;0.15625;0.609375;0.625;0.65625;0.15234375;0.09765625;0.04296875;0.03125;0.00390625;0.00390625;0.00390625;0.00390625;0.00390625;0.00390625;0.005859375;0.009765625;0.4
55;69.83;55;0.15625;0.625;0.703125;0.734375;0.26171875;0.125;0.046875;0.02734375;0.00390625;0.00390625;0.00390625;0.00390625;0.00390625;0.00390625;0.009765625;0.017578125;0.7;0.15625;0.609375;0.6171875;0.640625;0.16015625;0.08984375;0.04296875;0.02734375;0.00390625;0.00390625;0.00390625;0.00390625;0.00390625;0.00390625;0.005859375;0.009765625;0.4
56;72.22;56;0.15625;0.625;0.7109375;0.734375;0.26171875;0.125;0.046875;0.02734375;0.00390625;0.00390625;0.00390625;0.00390625;0.00390625;0.00390625;0.0078125;0.017578125;0.7;0.15625;0.625;0.625;0.6640625;0.15234375;0.1015625;0.04296875;0.02734375;0.00390625;0.00390625;0.00390625;0.00390625;0.00390625;0.00390625;0.0078125;0.01171875;0.5
57;77.36;57;0.15625;0.625;0.7109375;0.7421875;0.28125;0.12890625;0.046875;0.02734375;0.00390625;0.00390625;0.00390625;0.00390625;0.00390625;0.00390625;0.009765625;0.017578125;0.7;0.15625;0.609375;0.625;0.6640625;0.16015625;0.1015625;0.046875;0.02734375;0.00390625;0.00390625;0.00390625;0.00390625;0.00390625;0.00390625;0.0078125;0.009765625;0.5
58;78.27;58;0.15625;0.640625;0.703125;0.734375;0.26171875;0.125;0.046875;0.02734375;0.00390625;0.00390625;0.00390625;0.00390625;0.00390625;0.00390625;0.009765625;0.015625;0.6;0.15625;0.625;0.625;0.6640625;0.16015625;0.1015625;0.04296875;0.02734375;0.00390625;0.00390625;0.00390625;0.00390625;0.00390625;0.00390625;0.005859375;0.009765625;0.5
59;74.47;59;0.15625;0.625;0.7109375;0.734375;0.27734375;0.125;0.046875;0.0234375;0.00390625;0.00390625;0.00390625;0.00390625;0.00390625;0.00390625;0.0078125;0.015625;0.7;0.171875;0.609375;0.625;0.671875;0.16015625;0.10546875;0.046875;0.02734375;0.00390625;0.00390625;0.00390625;0.00390625;0.00390625;0.00390625;0.0078125;0.013671875;0.5
60;74.51;60;0.15625;0.640625;0.703125;0.734375;0.2734375;0.125;0.046875;0.02734375;0.00390625;0.00390625;0.00390625;0.00390625;0.00390625;0.00390625;0.009765625;0.017578125;0.7;0.15625;0.625;0.6171875;0.6640625;0.16015625;0.1015625;0.046875;0.03125;0.00390625;0.00390625;0.00390625;0.00390625;0.00390625;0.00390625;0.0078125;0.01171875;0.5
61;67.72;61;0.15625;0.640625;0.703125;0.7421875;0.28125;0.12890625;0.046875;0.02734375;0.00390625;0.00390625;0.00390625;0.00390625;0.00390625;0.00390625;0.0078125;0.017578125;0.7;0.15625;0.625;0.625;0.671875;0.15234375;0.09765625;0.046875;0.02734375;0.00390625;0.00390625;0.00390625;0.00390625;0.00390625;0.00390625;0.0078125;0.009765625;0.5
62;66.91;62;0.15625;0.640625;0.7109375;0.7421875;0.28515625;0.12890625;0.046875;0.02734375;0.00390625;0.00390625;0.00390625;0.00390625;0.00390625;0.00390625;0.0078125;0.015625;0.7;0.15625;0.625;0.625;0.6796875;0.16015625;0.09765625;0.04296875;0.02734375;0.00390625;0.00390625;0.00390625;0.00390625;0.00390625;0.00390625;0.0078125;0.009765625;0.4
63;77.01;63;0.15625;0.625;0.7109375;0.7421875;0.28515625;0.125;0.046875;0.0234375;0.00390625;0.00390625;0.00390625;0.00390625;0.00390625;0.00390625;0.009765625;0.015625;0.7;0.171875;0.625;0.625;0.671875;0.15625;0.09375;0.04296875;0.02734375;0.00390625;0.00390625;0.00390625;0.00390625;0.00390625;0.00390625;0.005859375;0.009765625;0.5
64;56.08;64;0.15625;0.640625;0.7109375;0.7421875;0.27734375;0.125;0.046875;0.01953125;0.00390625;0.00390625;0.00390625;0.00390625;0.00390625;0.00390625;0.0078125;0.017578125;0.7;0.15625;0.625;0.6328125;0.671875;0.16796875;0.109375;0.046875;0.01953125;0.00390625;0.00390625;0.00390625;0.00390625;0.00390625;0.00390625;0.0078125;0.01171875;0.5
65;72.24;65;0.15625;0.640625;0.71875;0.7421875;0.296875;0.12890625;0.04296875;0.01953125;0.00390625;0.00390625;0.00390625;0.00390625;0.00390625;0.00390625;0.0078125;0.015625;0.7;0.15625;0.625;0.6328125;0.671875;0.1640625;0.09765625;0.046875;0.02734375;0.00390625;0.00390625;0.00390625;0.00390625;0.00390625;0.00390625;0.0078125;0.01171875;0.4
66;64.91;66;0.15625;0.640625;0.7109375;0.7421875;0.28125;0.125;0.046875;0.01953125;0.00390625;0.00390625;0.00390625;0.00390625;0.00390625;0.00390625;0.0078125;0.015625;0.7;0.15625;0.609375;0.625;0.65625;0.16015625;0.09765625;0.046875;0.02734375;0.00390625;0.00390625;0.00390625;0.00390625;0.00390625;0.00390625;0.0078125;0.01171875;0.4
67;76.86;67;0.15625;0.625;0.7109375;0.75;0.2890625;0.1328125;0.046875;0.0234375;0.00390625;0.00390625;0.00390625;0.00390625;0.00390625;0.00390625;0.0078125;0.017578125;0.7;0.15625;0.625;0.6328125;0.6796875;0.16015625;0.09765625;0.04296875;0.02734375;0.00390625;0.00390625;0.00390625;0.00390625;0.00390625;0.00390625;0.0078125;0.009765625;0.4
68;76.44;68;0.15625;0.625;0.71875;0.7421875;0.29296875;0.1328125;0.046875;0.0234375;0.00390625;0.00390625;0.00390625;0.00390625;0.00390625;0.005859375;0.0078125;0.015625;0.7;0.15625;0.625;0.625;0.671875;0.16015625;0.09765625;0.046875;0.02734375;0.00390625;0.00390625;0.00390625;0.00390625;0.00390625;0.00390625;0.0078125;0.01171875;0.5
69;77.39;69;0.15625;0.65625;0.7265625;0.7421875;0.27734375;0.125;0.046875;0.01953125;0.00390625;0.00390625;0.00390625;0.00390625;0.00390625;0.005859375;0.0078125;0.015625;0.7;0.171875;0.625;0.640625;0.671875;0.16015625;0.09375;0.04296875;0.0234375;0.00390625;0.00390625;0.00390625;0.00390625;0.00390625;0.00390625;0.0078125;0.01171875;0.5
70;66.1;70;0.15625;0.640625;0.71875;0.75;0.29296875;0.1328125;0.046875;0.0234375;0.00390625;0.00390625;0.00390625;0.00390625;0.00390625;0.00390625;0.0078125;0.017578125;0.7;0.15625;0.640625;0.640625;0.6875;0.1640625;0.09765625;0.046875;0.02734375;0.00390625;0.00390625;0.00390625;0.00390625;0.00390625;0.00390625;0.0078125;0.01171875;0.5
71;77.02;71;0.15625;0.640625;0.71875;0.75;0.30078125;0.12890625;0.04296875;0.0234375;0.00390625;0.00390625;0.00390625;0.00390625;0.00390625;0.00390625;0.009765625;0.017578125;0.7;0.15625;0.625;0.640625;0.6875;0.16796875;0.10546875;0.046875;0.02734375;0.00390625;0.00390625;0.00390625;0.00390625;0.00390625;0.00390625;0.0078125;0.01171875;0.5
72;55.81;72;0.15625;0.640625;0.71875;0.75;0.30078125;0.13671875;0.046875;0.02734375;0.00390625;0.00390625;0.00390625;0.00390625;0.00390625;0.00390625;0.009765625;0.015625;0.7;0.171875;0.625;0.640625;0.6796875;0.16796875;0.10546875;0.046875;0.02734375;0.00390625;0.00390625;0.00390625;0.00390625;0.00390625;0.00390625;0.0078125;0.009765625;0.4
73;79.11;73;0.15625;0.640625;0.71875;0.75;0.3046875;0.1328125;0.046875;0.0234375;0.00390625;0.00390625;0.00390625;0.00390625;0.00390625;0.00390625;0.0078125;0.017578125;0.6;0.171875;0.625;0.640625;0.671875;0.1640625;0.1015625;0.046875;0.02734375;0.00390625;0.00390625;0.00390625;0.00390625;0.00390625;0.00390625;0.0078125;0.01171875;0.5
74;74.06;74;0.15625;0.640625;0.71875;0.7421875;0.30078125;0.1328125;0.04296875;0.0234375;0.00390625;0.00390625;0.00390625;0.00390625;0.00390625;0.00390625;0.009765625;0.017578125;0.7;0.171875;0.625;0.6484375;0.6796875;0.16015625;0.09375;0.04296875;0.03125;0.00390625;0.00390625;0.00390625;0.00390625;0.00390625;0.00390625;0.005859375;0.01171875;0.5
75;76.53;75;0.15625;0.640625;0.71875;0.75;0.30078125;0.125;0.046875;0.0234375;0.00390625;0.00390625;0.00390625;0.00390625;0.00390625;0.00390625;0.0078125;0.017578125;0.7;0.15625;0.625;0.640625;0.671875;0.15625;0.09765625;0.046875;0.02734375;0.00390625;0.00390625;0.00390625;0.00390625;0.00390625;0.00390625;0.0078125;0.01171875;0.5
76;65.4;76;0.15625;0.640625;0.7109375;0.75;0.3046875;0.12890625;0.04296875;0.01953125;0.00390625;0.00390625;0.00390625;0.00390625;0.00390625;0.00390625;0.0078125;0.015625;0.7;0.15625;0.625;0.640625;0.6796875;0.16796875;0.10546875;0.046875;0.02734375;0.00390625;0.00390625;0.00390625;0.00390625;0.00390625;0.00390625;0.0078125;0.009765625;0.5
77;66.52;77;0.15625;0.65625;0.7265625;0.7578125;0.30859375;0.1328125;0.046875;0.0234375;0.00390625;0.00390625;0.00390625;0.00390625;0.00390625;0.00390625;0.0078125;0.015625;0.7;0.171875;0.625;0.6484375;0.6796875;0.1640625;0.1015625;0.046875;0.02734375;0.00390625;0.00390625;0.00390625;0.00390625;0.00390625;0.00390625;0.005859375;0.009765625;0.4
78;77.98;78;0.15625;0.640625;0.71875;0.75;0.296875;0.1328125;0.046875;0.0234375;0.00390625;0.00390625;0.00390625;0.00390625;0.00390625;0.00390625;0.0078125;0.015625;0.7;0.171875;0.640625;0.640625;0.6875;0.16015625;0.1015625;0.046875;0.02734375;0.00390625;0.00390625;0.00390625;0.00390625;0.00390625;0.00390625;0.005859375;0.01171875;0.5
79;79.47;79;0.15625;0.65625;0.7265625;0.765625;0.3203125;0.1328125;0.046875;0.01953125;0.00390625;0.00390625;0.00390625;0.00390625;0.00390625;0.005859375;0.0078125;0.017578125;0.7;0.171875;0.640625;0.6484375;0.6875;0.1640625;0.09765625;0.046875;0.0234375;0.00390625;0.00390625;0.00390625;0.00390625;0.00390625;0.00390625;0.0078125;0.01171875;0.5
80;75.77;80;0.15625;0.65625;0.7265625;0.7578125;0.30859375;0.140625;0.05078125;0.0234375;0.00390625;0.00390625;0.00390625;0.00390625;0.00390625;0.005859375;0.009765625;0.017578125;0.7;0.171875;0.640625;0.6484375;0.6953125;0.16796875;0.1015625;0.04296875;0.02734375;0.00390625;0.00390625;0.00390625;0.00390625;0.00390625;0.00390625;0.0078125;0.01171875;0.5
81;77.09;81;0.15625;0.65625;0.7265625;0.7578125;0.30859375;0.12890625;0.046875;0.01953125;0.00390625;0.00390625;0.00390625;0.00390625;0.00390625;0.005859375;0.0078125;0.017578125;0.7;0.15625;0.640625;0.640625;0.6796875;0.1640625;0.09375;0.046875;0.02734375;0.00390625;0.00390625;0.00390625;0.00390625;0.00390625;0.00390625;0.005859375;0.009765625;0.5
82;73.18;82;0.15625;0.640625;0.7265625;0.7578125;0.3203125;0.13671875;0.046875;0.0234375;0.00390625;0.00390625;0.00390625;0.00390625;0.00390625;0.005859375;0.0078125;0.017578125;0.7;0.171875;0.625;0.640625;0.6796875;0.16796875;0.09765625;0.046875;0.03125;0.00390625;0.00390625;0.00390625;0.00390625;0.00390625;0.00390625;0.005859375;0.009765625;0.5
83;79.3;83;0.15625;0.671875;0.734375;0.75;0.3203125;0.1328125;0.046875;0.0234375;0.00390625;0.00390625;0.00390625;0.00390625;0.00390625;0.00390625;0.0078125;0.017578125;0.7;0.171875;0.65625;0.6484375;0.6953125;0.17578125;0.109375;0.046875;0.02734375;0.00390625;0.00390625;0.00390625;0.00390625;0.00390625;0.00390625;0.0078125;0.013671875;0.5
84;74.34;84;0.15625;0.65625;0.7265625;0.7578125;0.328125;0.140625;0.046875;0.0234375;0.00390625;0.00390625;0.00390625;0.00390625;0.00390625;0.005859375;0.0078125;0.017578125;0.7;0.171875;0.640625;0.6484375;0.6953125;0.171875;0.10546875;0.046875;0.02734375;0.00390625;0.00390625;0.00390625;0.00390625;0.00390625;0.00390625;0.005859375;0.009765625;0.5
85;53.28;85;0.171875;0.671875;0.734375;0.7578125;0.32421875;0.1328125;0.046875;0.0234375;0.00390625;0.00390625;0.00390625;0.00390625;0.00390625;0.005859375;0.0078125;0.015625;0.7;0.171875;0.640625;0.6484375;0.6796875;0.1640625;0.09375;0.046875;0.02734375;0.00390625;0.00390625;0.00390625;0.00390625;0.00390625;0.00390625;0.005859375;0.0078125;0.4
86;72.74;86;0.15625;0.65625;0.7265625;0.765625;0.32421875;0.13671875;0.046875;0.0234375;0.00390625;0.00390625;0.00390625;0.00390625;0.00390625;0.005859375;0.0078125;0.017578125;0.7;0.171875;0.640625;0.6484375;0.6953125;0.17578125;0.10546875;0.046875;0.03125;0.00390625;0.00390625;0.00390625;0.00390625;0.00390625;0.00390625;0.0078125;0.01171875;0.5
87;77.87;87;0.15625;0.65625;0.734375;0.7578125;0.33203125;0.13671875;0.046875;0.0234375;0.00390625;0.00390625;0.00390625;0.00390625;0.00390625;0.00390625;0.0078125;0.017578125;0.7;0.171875;0.640625;0.65625;0.6953125;0.171875;0.10546875;0.046875;0.03125;0.00390625;0.00390625;0.00390625;0.00390625;0.00390625;0.00390625;0.005859375;0.009765625;0.4
88;76.73;88;0.15625;0.65625;0.734375;0.7578125;0.3359375;0.140625;0.046875;0.0234375;0.00390625;0.00390625;0.00390625;0.00390625;0.00390625;0.00390625;0.0078125;0.015625;0.7;0.171875;0.640625;0.6484375;0.6875;0.17578125;0.10546875;0.046875;0.02734375;0.00390625;0.00390625;0.00390625;0.00390625;0.00390625;0.00390625;0.0078125;0.01171875;0.5
89;77.41;89;0.15625;0.65625;0.734375;0.7578125;0.33984375;0.13671875;0.046875;0.01953125;0.00390625;0.00390625;0.00390625;0.00390625;0.00390625;0.00390625;0.0078125;0.017578125;0.7;0.171875;0.640625;0.65625;0.6875;0.17578125;0.109375;0.046875;0.0234375;0.00390625;0.00390625;0.00390625;0.00390625;0.00390625;0.00390625;0.0078125;0.01171875;0.5
90;70.84;90;0.15625;0.65625;0.734375;0.765625;0.3359375;0.140625;0.05078125;0.01953125;0.00390625;0.00390625;0.00390625;0.00390625;0.00390625;0.005859375;0.0078125;0.015625;0.7;0.171875;0.640625;0.6484375;0.6796875;0.171875;0.10546875;0.046875;0.02734375;0.00390625;0.00390625;0.00390625;0.00390625;0.00390625;0.00390625;0.005859375;0.009765625;0.4
91;78.17;91;0.15625;0.65625;0.734375;0.7734375;0.34765625;0.13671875;0.05078125;0.02734375;0.00390625;0.00390625;0.00390625;0.00390625;0.00390625;0.00390625;0.009765625;0.015625;0.7;0.171875;0.640625;0.65625;0.6875;0.17578125;0.109375;0.046875;0.02734375;0.00390625;0.00390625;0.00390625;0.00390625;0.00390625;0.00390625;0.005859375;0.009765625;0.5
92;76.67;92;0.15625;0.65625;0.734375;0.7734375;0.3359375;0.1328125;0.046875;0.0234375;0.00390625;0.00390625;0.00390625;0.00390625;0.00390625;0.00390625;0.0078125;0.015625;0.7;0.171875;0.640625;0.65625;0.703125;0.171875;0.10546875;0.046875;0.03125;0.00390625;0.00390625;0.00390625;0.00390625;0.00390625;0.00390625;0.005859375;0.009765625;0.5
93;77.07;93;0.15625;0.65625;0.7421875;0.7578125;0.328125;0.140625;0.05078125;0.02734375;0.00390625;0.00390625;0.00390625;0.00390625;0.00390625;0.00390625;0.0078125;0.015625;0.7;0.171875;0.640625;0.6640625;0.703125;0.171875;0.10546875;0.046875;0.02734375;0.00390625;0.00390625;0.00390625;0.00390625;0.00390625;0.00390625;0.0078125;0.01171875;0.5
94;76.59;94;0.15625;0.65625;0.734375;0.765625;0.33984375;0.14453125;0.05078125;0.0234375;0.00390625;0.00390625;0.00390625;0.00390625;0.00390625;0.005859375;0.0078125;0.017578125;0.7;0.171875;0.640625;0.6640625;0.703125;0.171875;0.1015625;0.046875;0.02734375;0.00390625;0.00390625;0.00390625;0.00390625;0.00390625;0.00390625;0.005859375;0.009765625;0.4
95;72.6;95;0.15625;0.65625;0.7421875;0.7734375;0.34375;0.140625;0.046875;0.0234375;0.00390625;0.00390625;0.00390625;0.00390625;0.00390625;0.005859375;0.009765625;0.017578125;0.7;0.171875;0.640625;0.65625;0.703125;0.17578125;0.1015625;0.046875;0.02734375;0.00390625;0.00390625;0.00390625;0.00390625;0.00390625;0.00390625;0.005859375;0.01171875;0.5
96;77.96;96;0.15625;0.65625;0.734375;0.765625;0.34765625;0.1328125;0.046875;0.01953125;0.00390625;0.00390625;0.00390625;0.00390625;0.00390625;0.005859375;0.0078125;0.015625;0.7;0.171875;0.640625;0.6484375;0.703125;0.17578125;0.1015625;0.05078125;0.03125;0.00390625;0.00390625;0.00390625;0.00390625;0.00390625;0.00390625;0.005859375;0.009765625;0.5
97;63.33;97;0.15625;0.65625;0.734375;0.7734375;0.359375;0.14453125;0.046875;0.01953125;0.00390625;0.00390625;0.00390625;0.00390625;0.00390625;0.00390625;0.0078125;0.017578125;0.7;0.171875;0.65625;0.6640625;0.6953125;0.1796875;0.1171875;0.046875;0.0234375;0.00390625;0.00390625;0.00390625;0.00390625;0.00390625;0.00390625;0.0078125;0.01171875;0.5
98;77.16;98;0.15625;0.65625;0.734375;0.765625;0.3515625;0.140625;0.05078125;0.01953125;0.00390625;0.00390625;0.00390625;0.00390625;0.00390625;0.005859375;0.0078125;0.017578125;0.7;0.171875;0.65625;0.671875;0.7109375;0.1796875;0.11328125;0.046875;0.0234375;0.00390625;0.00390625;0.00390625;0.00390625;0.00390625;0.00390625;0.005859375;0.01171875;0.5
99;69.42;99;0.15625;0.671875;0.7421875;0.7734375;0.359375;0.140625;0.046875;0.01953125;0.00390625;0.00390625;0.00390625;0.00390625;0.00390625;0.005859375;0.0078125;0.017578125;0.7;0.171875;0.65625;0.671875;0.71875;0.17578125;0.11328125;0.046875;0.0234375;0.00390625;0.00390625;0.00390625;0.00390625;0.00390625;0.00390625;0.005859375;0.009765625;0.5
100;75.72;100;0.15625;0.65625;0.7421875;0.7734375;0.35546875;0.14453125;0.05078125;0.0234375;0.00390625;0.00390625;0.00390625;0.00390625;0.00390625;0.005859375;0.0078125;0.017578125;0.7;0.171875;0.640625;0.65625;0.6953125;0.171875;0.11328125;0.046875;0.02734375;0.00390625;0.00390625;0.00390625;0.00390625;0.00390625;0.00390625;0.005859375;0.01171875;0.5
101;79.83;101;0.15625;0.65625;0.7421875;0.7734375;0.359375;0.140625;0.046875;0.01953125;0.00390625;0.00390625;0.00390625;0.00390625;0.00390625;0.00390625;0.0078125;0.017578125;0.7;0.171875;0.640625;0.6640625;0.7109375;0.17578125;0.1015625;0.05078125;0.02734375;0.00390625;0.00390625;0.00390625;0.00390625;0.00390625;0.00390625;0.005859375;0.009765625;0.5
102;69.17;102;0.15625;0.65625;0.7421875;0.78125;0.3671875;0.14453125;0.046875;0.0234375;0.00390625;0.00390625;0.00390625;0.00390625;0.00390625;0.005859375;0.009765625;0.017578125;0.7;0.171875;0.65625;0.6640625;0.7109375;0.18359375;0.1171875;0.05078125;0.02734375;0.00390625;0.00390625;0.00390625;0.00390625;0.00390625;0.00390625;0.0078125;0.01171875;0.5
103;78.33;103;0.15625;0.671875;0.7421875;0.78125;0.3671875;0.14453125;0.046875;0.01953125;0.00390625;0.00390625;0.00390625;0.00390625;0.00390625;0.005859375;0.0078125;0.015625;0.7;0.171875;0.65625;0.671875;0.7265625;0.1796875;0.109375;0.046875;0.02734375;0.00390625;0.00390625;0.00390625;0.00390625;0.00390625;0.00390625;0.0078125;0.01171875;0.5
104;78.39;104;0.171875;0.671875;0.7421875;0.7734375;0.36328125;0.1484375;0.046875;0.0234375;0.00390625;0.00390625;0.00390625;0.00390625;0.00390625;0.00390625;0.0078125;0.015625;0.7;0.171875;0.65625;0.671875;0.7109375;0.1796875;0.11328125;0.05078125;0.02734375;0.00390625;0.00390625;0.00390625;0.00390625;0.00390625;0.00390625;0.0078125;0.01171875;0.5
105;79.98;105;0.15625;0.671875;0.75;0.78125;0.36328125;0.14453125;0.05078125;0.0234375;0.00390625;0.00390625;0.00390625;0.00390625;0.00390625;0.005859375;0.0078125;0.015625;0.7;0.171875;0.671875;0.671875;0.7109375;0.1796875;0.12109375;0.05078125;0.02734375;0.00390625;0.00390625;0.00390625;0.00390625;0.00390625;0.00390625;0.0078125;0.009765625;0.5
106;66.2;106;0.171875;0.671875;0.75;0.78125;0.3828125;0.1484375;0.046875;0.0234375;0.00390625;0.00390625;0.00390625;0.00390625;0.00390625;0.00390625;0.0078125;0.015625;0.7;0.171875;0.65625;0.6640625;0.7109375;0.18359375;0.11328125;0.05078125;0.02734375;0.00390625;0.00390625;0.00390625;0.00390625;0.00390625;0.00390625;0.005859375;0.013671875;0.5
107;78.32;107;0.171875;0.671875;0.75;0.78125;0.3828125;0.15234375;0.05078125;0.0234375;0.00390625;0.00390625;0.00390625;0.00390625;0.00390625;0.005859375;0.0078125;0.017578125;0.7;0.171875;0.65625;0.671875;0.7109375;0.18359375;0.12109375;0.046875;0.03125;0.00390625;0.00390625;0.00390625;0.00390625;0.00390625;0.00390625;0.005859375;0.01171875;0.5
108;81.94;108;0.15625;0.671875;0.75;0.78125;0.3828125;0.1484375;0.046875;0.0234375;0.00390625;0.00390625;0.00390625;0.00390625;0.00390625;0.005859375;0.0078125;0.015625;0.7;0.171875;0.65625;0.671875;0.71875;0.18359375;0.12109375;0.05078125;0.02734375;0.00390625;0.00390625;0.00390625;0.00390625;0.00390625;0.00390625;0.005859375;0.01171875;0.5
109;78.02;109;0.171875;0.671875;0.75;0.78125;0.38671875;0.15234375;0.046875;0.01953125;0.00390625;0.00390625;0.00390625;0.00390625;0.00390625;0.005859375;0.0078125;0.015625;0.7;0.171875;0.65625;0.671875;0.71875;0.1796875;0.11328125;0.05078125;0.02734375;0.00390625;0.00390625;0.00390625;0.00390625;0.00390625;0.00390625;0.005859375;0.01171875;0.5
110;81.17;110;0.15625;0.671875;0.75;0.7890625;0.375;0.14453125;0.05078125;0.0234375;0.00390625;0.00390625;0.00390625;0.00390625;0.00390625;0.005859375;0.0078125;0.017578125;0.7;0.171875;0.65625;0.671875;0.7265625;0.18359375;0.1171875;0.046875;0.02734375;0.00390625;0.00390625;0.00390625;0.00390625;0.00390625;0.00390625;0.0078125;0.01171875;0.5
111;69.19;111;0.15625;0.671875;0.75;0.78125;0.390625;0.1484375;0.046875;0.0234375;0.00390625;0.00390625;0.00390625;0.00390625;0.00390625;0.005859375;0.0078125;0.015625;0.7;0.171875;0.65625;0.671875;0.71875;0.18359375;0.11328125;0.046875;0.02734375;0.00390625;0.00390625;0.00390625;0.00390625;0.00390625;0.00390625;0.005859375;0.01171875;0.5
112;75.03;112;0.15625;0.671875;0.7578125;0.7890625;0.3828125;0.15234375;0.046875;0.01953125;0.00390625;0.00390625;0.00390625;0.00390625;0.00390625;0.005859375;0.0078125;0.017578125;0.7;0.171875;0.65625;0.6796875;0.7265625;0.1796875;0.109375;0.046875;0.02734375;0.00390625;0.00390625;0.00390625;0.00390625;0.00390625;0.00390625;0.005859375;0.01171875;0.5
113;69.4;113;0.171875;0.671875;0.7578125;0.7890625;0.39453125;0.15234375;0.05078125;0.0234375;0.00390625;0.00390625;0.00390625;0.00390625;0.00390625;0.005859375;0.0078125;0.015625;0.7;0.171875;0.65625;0.6796875;0.71875;0.1875;0.1171875;0.046875;0.02734375;0.00390625;0.00390625;0.00390625;0.00390625;0.00390625;0.00390625;0.005859375;0.01171875;0.5
114;79.15;114;0.171875;0.671875;0.7578125;0.7890625;0.37890625;0.15234375;0.05078125;0.01953125;0.00390625;0.00390625;0.00390625;0.00390625;0.00390625;0.005859375;0.0078125;0.017578125;0.7;0.171875;0.65625;0.671875;0.7265625;0.18359375;0.12109375;0.05078125;0.02734375;0.00390625;0.00390625;0.00390625;0.00390625;0.00390625;0.00390625;0.0078125;0.01171875;0.5
115;80.81;115;0.15625;0.671875;0.75;0.7890625;0.3984375;0.16015625;0.05078125;0.01953125;0.00390625;0.00390625;0.00390625;0.00390625;0.00390625;0.005859375;0.0078125;0.017578125;0.7;0.171875;0.65625;0.6796875;0.7265625;0.1875;0.12109375;0.046875;0.02734375;0.00390625;0.00390625;0.00390625;0.00390625;0.00390625;0.00390625;0.005859375;0.009765625;0.5
116;81.22;116;0.171875;0.671875;0.7578125;0.7890625;0.40234375;0.15234375;0.046875;0.01953125;0.00390625;0.00390625;0.00390625;0.00390625;0.00390625;0.005859375;0.0078125;0.015625;0.7;0.171875;0.65625;0.6796875;0.7265625;0.1953125;0.12890625;0.05078125;0.02734375;0.00390625;0.00390625;0.00390625;0.00390625;0.00390625;0.00390625;0.0078125;0.01171875;0.5
117;82.16;117;0.171875;0.671875;0.7578125;0.78125;0.3984375;0.1640625;0.05078125;0.0234375;0.00390625;0.00390625;0.00390625;0.00390625;0.00390625;0.005859375;0.0078125;0.017578125;0.7;0.171875;0.65625;0.6796875;0.71875;0.1875;0.12109375;0.046875;0.02734375;0.00390625;0.00390625;0.00390625;0.00390625;0.00390625;0.00390625;0.005859375;0.009765625;0.5
118;77.62;118;0.15625;0.671875;0.7578125;0.7890625;0.38671875;0.15234375;0.05078125;0.01953125;0.00390625;0.00390625;0.00390625;0.00390625;0.00390625;0.005859375;0.0078125;0.017578125;0.7;0.171875;0.65625;0.671875;0.71875;0.18359375;0.11328125;0.05078125;0.02734375;0.00390625;0.00390625;0.00390625;0.00390625;0.00390625;0.00390625;0.005859375;0.009765625;0.5
119;77.64;119;0.15625;0.65625;0.75;0.7890625;0.4140625;0.16015625;0.05078125;0.01953125;0.00390625;0.00390625;0.00390625;0.00390625;0.00390625;0.005859375;0.0078125;0.015625;0.7;0.171875;0.65625;0.6796875;0.7265625;0.1875;0.12109375;0.05078125;0.0234375;0.00390625;0.00390625;0.00390625;0.00390625;0.00390625;0.00390625;0.005859375;0.01171875;0.5
120;81.77;120;0.171875;0.671875;0.7578125;0.796875;0.421875;0.1640625;0.05078125;0.01953125;0.00390625;0.00390625;0.00390625;0.00390625;0.00390625;0.005859375;0.0078125;0.017578125;0.7;0.171875;0.65625;0.6796875;0.7265625;0.19140625;0.1171875;0.05078125;0.02734375;0.00390625;0.00390625;0.00390625;0.00390625;0.00390625;0.00390625;0.005859375;0.01171875;0.5
121;83.3;121;0.15625;0.671875;0.7578125;0.7890625;0.41796875;0.16796875;0.05078125;0.0234375;0.00390625;0.00390625;0.00390625;0.00390625;0.00390625;0.005859375;0.0078125;0.017578125;0.7;0.171875;0.65625;0.6796875;0.734375;0.1875;0.1171875;0.05078125;0.02734375;0.00390625;0.00390625;0.00390625;0.00390625;0.00390625;0.00390625;0.005859375;0.01171875;0.5
122;81.48;122;0.15625;0.671875;0.765625;0.7890625;0.41015625;0.16796875;0.05078125;0.01953125;0.00390625;0.00390625;0.00390625;0.00390625;0.00390625;0.005859375;0.0078125;0.017578125;0.7;0.171875;0.65625;0.6875;0.7265625;0.1875;0.12109375;0.05078125;0.02734375;0.00390625;0.00390625;0.00390625;0.00390625;0.00390625;0.00390625;0.005859375;0.01171875;0.5
123;81.5;123;0.171875;0.671875;0.7578125;0.796875;0.41015625;0.15234375;0.0546875;0.0234375;0.00390625;0.00390625;0.00390625;0.00390625;0.00390625;0.005859375;0.0078125;0.017578125;0.7;0.171875;0.671875;0.6796875;0.734375;0.19140625;0.12109375;0.05078125;0.02734375;0.00390625;0.00390625;0.00390625;0.00390625;0.00390625;0.00390625;0.0078125;0.01171875;0.5
124;82.49;124;0.171875;0.671875;0.7578125;0.796875;0.4296875;0.17578125;0.0546875;0.0234375;0.00390625;0.00390625;0.00390625;0.00390625;0.00390625;0.005859375;0.0078125;0.017578125;0.7;0.171875;0.65625;0.6796875;0.7265625;0.19140625;0.12109375;0.05078125;0.02734375;0.00390625;0.00390625;0.00390625;0.00390625;0.00390625;0.00390625;0.005859375;0.01171875;0.5
125;82.14;125;0.15625;0.671875;0.765625;0.796875;0.421875;0.16015625;0.05078125;0.01953125;0.00390625;0.00390625;0.00390625;0.00390625;0.00390625;0.005859375;0.0078125;0.017578125;0.7;0.171875;0.65625;0.6796875;0.734375;0.19140625;0.1171875;0.046875;0.02734375;0.00390625;0.00390625;0.00390625;0.00390625;0.00390625;0.00390625;0.005859375;0.01171875;0.5
126;83.41;126;0.171875;0.671875;0.765625;0.796875;0.421875;0.171875;0.05078125;0.0234375;0.00390625;0.00390625;0.00390625;0.00390625;0.00390625;0.005859375;0.0078125;0.017578125;0.7;0.171875;0.65625;0.6796875;0.734375;0.19140625;0.125;0.05078125;0.02734375;0.00390625;0.00390625;0.00390625;0.00390625;0.00390625;0.00390625;0.005859375;0.01171875;0.5
127;82.57;127;0.15625;0.671875;0.765625;0.796875;0.4375;0.17578125;0.05078125;0.01953125;0.00390625;0.00390625;0.00390625;0.00390625;0.00390625;0.005859375;0.0078125;0.017578125;0.7;0.171875;0.65625;0.6875;0.734375;0.1953125;0.12890625;0.05078125;0.0234375;0.00390625;0.00390625;0.00390625;0.00390625;0.00390625;0.00390625;0.005859375;0.01171875;0.5
128;79.39;128;0.171875;0.671875;0.765625;0.796875;0.4375;0.171875;0.0546875;0.0234375;0.00390625;0.00390625;0.00390625;0.00390625;0.00390625;0.005859375;0.0078125;0.017578125;0.7;0.171875;0.65625;0.6796875;0.734375;0.19140625;0.12109375;0.05078125;0.02734375;0.00390625;0.00390625;0.00390625;0.00390625;0.00390625;0.00390625;0.005859375;0.01171875;0.5
129;83.37;129;0.15625;0.671875;0.765625;0.796875;0.4375;0.17578125;0.0546875;0.0234375;0.00390625;0.00390625;0.00390625;0.00390625;0.00390625;0.005859375;0.0078125;0.017578125;0.7;0.171875;0.671875;0.6796875;0.734375;0.1953125;0.12109375;0.05078125;0.02734375;0.00390625;0.00390625;0.00390625;0.00390625;0.00390625;0.00390625;0.0078125;0.01171875;0.5
130;82.17;130;0.171875;0.6875;0.765625;0.8046875;0.4375;0.16015625;0.0546875;0.01953125;0.00390625;0.00390625;0.00390625;0.00390625;0.00390625;0.005859375;0.0078125;0.017578125;0.7;0.171875;0.65625;0.6875;0.7421875;0.1953125;0.1171875;0.05078125;0.0234375;0.00390625;0.00390625;0.00390625;0.00390625;0.00390625;0.00390625;0.0078125;0.01171875;0.5
131;84.04;131;0.15625;0.671875;0.7578125;0.796875;0.43359375;0.17578125;0.0546875;0.01953125;0.00390625;0.00390625;0.00390625;0.00390625;0.00390625;0.005859375;0.0078125;0.017578125;0.7;0.171875;0.671875;0.6875;0.734375;0.19140625;0.1171875;0.05078125;0.02734375;0.00390625;0.00390625;0.00390625;0.00390625;0.00390625;0.00390625;0.005859375;0.01171875;0.5
132;82.32;132;0.171875;0.6875;0.765625;0.796875;0.4375;0.16796875;0.0546875;0.01953125;0.00390625;0.00390625;0.00390625;0.00390625;0.00390625;0.005859375;0.0078125;0.017578125;0.7;0.171875;0.671875;0.6875;0.734375;0.19921875;0.1328125;0.0546875;0.02734375;0.00390625;0.00390625;0.00390625;0.00390625;0.00390625;0.00390625;0.005859375;0.01171875;0.5
133;82.47;133;0.15625;0.6875;0.765625;0.796875;0.4453125;0.17578125;0.0546875;0.0234375;0.00390625;0.00390625;0.00390625;0.00390625;0.00390625;0.005859375;0.0078125;0.017578125;0.7;0.171875;0.671875;0.6875;0.7421875;0.1953125;0.12109375;0.0546875;0.02734375;0.00390625;0.00390625;0.00390625;0.00390625;0.00390625;0.00390625;0.0078125;0.01171875;0.5
134;75.28;134;0.15625;0.6875;0.7734375;0.8046875;0.4453125;0.17578125;0.0546875;0.01953125;0.00390625;0.00390625;0.00390625;0.00390625;0.00390625;0.005859375;0.0078125;0.017578125;0.7;0.171875;0.671875;0.6953125;0.7421875;0.1953125;0.12109375;0.0546875;0.02734375;0.00390625;0.00390625;0.00390625;0.00390625;0.00390625;0.00390625;0.005859375;0.009765625;0.5
135;81.1;135;0.171875;0.6875;0.7734375;0.8046875;0.44921875;0.1796875;0.05859375;0.0234375;0.00390625;0.00390625;0.00390625;0.00390625;0.00390625;0.005859375;0.0078125;0.017578125;0.7;0.171875;0.671875;0.6953125;0.75;0.19921875;0.125;0.05078125;0.02734375;0.00390625;0.00390625;0.00390625;0.00390625;0.00390625;0.00390625;0.005859375;0.01171875;0.5
136;81.76;136;0.171875;0.6875;0.7734375;0.8046875;0.45703125;0.1875;0.0546875;0.01953125;0.00390625;0.00390625;0.00390625;0.00390625;0.00390625;0.005859375;0.0078125;0.017578125;0.7;0.171875;0.671875;0.6953125;0.75;0.1953125;0.125;0.05078125;0.02734375;0.00390625;0.00390625;0.00390625;0.00390625;0.00390625;0.00390625;0.005859375;0.01171875;0.5
137;78.58;137;0.171875;0.6875;0.7734375;0.8046875;0.46484375;0.1875;0.0546875;0.01953125;0.00390625;0.00390625;0.00390625;0.00390625;0.00390625;0.005859375;0.0078125;0.017578125;0.7;0.171875;0.671875;0.6953125;0.75;0.19921875;0.125;0.0546875;0.02734375;0.00390625;0.00390625;0.00390625;0.00390625;0.00390625;0.00390625;0.005859375;0.01171875;0.5
138;79.44;138;0.171875;0.6875;0.7734375;0.8046875;0.453125;0.1796875;0.05859375;0.0234375;0.00390625;0.00390625;0.00390625;0.00390625;0.00390625;0.005859375;0.0078125;0.017578125;0.7;0.171875;0.671875;0.6953125;0.75;0.203125;0.12890625;0.0546875;0.02734375;0.00390625;0.00390625;0.00390625;0.00390625;0.00390625;0.00390625;0.005859375;0.01171875;0.5
139;83.92;139;0.171875;0.6875;0.7734375;0.8125;0.46484375;0.1796875;0.05859375;0.01953125;0.00390625;0.00390625;0.00390625;0.00390625;0.00390625;0.005859375;0.0078125;0.017578125;0.8;0.171875;0.671875;0.6953125;0.75;0.19921875;0.12890625;0.0546875;0.02734375;0.00390625;0.00390625;0.00390625;0.00390625;0.00390625;0.00390625;0.005859375;0.01171875;0.5
140;83.15;140;0.171875;0.6875;0.7734375;0.8046875;0.46484375;0.1875;0.05859375;0.0234375;0.00390625;0.00390625;0.00390625;0.00390625;0.00390625;0.005859375;0.0078125;0.017578125;0.7;0.171875;0.6875;0.6953125;0.75;0.203125;0.12890625;0.0546875;0.02734375;0.00390625;0.00390625;0.00390625;0.00390625;0.00390625;0.00390625;0.005859375;0.013671875;0.5
141;79.8;141;0.171875;0.703125;0.7734375;0.8046875;0.46484375;0.19921875;0.05859375;0.01953125;0.00390625;0.00390625;0.00390625;0.00390625;0.00390625;0.005859375;0.0078125;0.017578125;0.7;0.171875;0.6875;0.6953125;0.7578125;0.19921875;0.12109375;0.05078125;0.02734375;0.00390625;0.00390625;0.00390625;0.00390625;0.00390625;0.00390625;0.0078125;0.01171875;0.5
142;83.85;142;0.15625;0.703125;0.78125;0.8125;0.46875;0.19140625;0.0546875;0.01953125;0.00390625;0.00390625;0.00390625;0.00390625;0.00390625;0.005859375;0.0078125;0.017578125;0.7;0.171875;0.6875;0.703125;0.75;0.203125;0.125;0.0546875;0.02734375;0.00390625;0.00390625;0.00390625;0.00390625;0.00390625;0.00390625;0.005859375;0.01171875;0.5
143;83.87;143;0.15625;0.703125;0.7734375;0.8125;0.484375;0.20703125;0.05859375;0.0234375;0.00390625;0.00390625;0.00390625;0.00390625;0.00390625;0.005859375;0.0078125;0.017578125;0.7;0.171875;0.6875;0.703125;0.7578125;0.19921875;0.12890625;0.0546875;0.02734375;0.00390625;0.00390625;0.00390625;0.00390625;0.00390625;0.00390625;0.005859375;0.01171875;0.5
144;84.91;144;0.171875;0.703125;0.78125;0.8125;0.4765625;0.19921875;0.0625;0.0234375;0.00390625;0.00390625;0.00390625;0.00390625;0.00390625;0.005859375;0.0078125;0.017578125;0.7;0.171875;0.6875;0.703125;0.75;0.19921875;0.12890625;0.05078125;0.02734375;0.00390625;0.00390625;0.00390625;0.00390625;0.00390625;0.00390625;0.005859375;0.01171875;0.5
145;84.5;145;0.15625;0.703125;0.78125;0.8125;0.47265625;0.19140625;0.05859375;0.0234375;0.00390625;0.00390625;0.00390625;0.00390625;0.00390625;0.005859375;0.0078125;0.017578125;0.7;0.171875;0.6875;0.703125;0.7578125;0.19921875;0.12890625;0.05078125;0.02734375;0.00390625;0.00390625;0.00390625;0.00390625;0.00390625;0.00390625;0.005859375;0.01171875;0.5
146;82.07;146;0.171875;0.703125;0.78125;0.8125;0.49609375;0.21875;0.0625;0.0234375;0.00390625;0.00390625;0.00390625;0.00390625;0.00390625;0.005859375;0.0078125;0.017578125;0.7;0.171875;0.6875;0.703125;0.7578125;0.19921875;0.125;0.0546875;0.02734375;0.00390625;0.00390625;0.00390625;0.00390625;0.00390625;0.00390625;0.005859375;0.01171875;0.5
147;84.6;147;0.171875;0.703125;0.78125;0.8203125;0.4765625;0.19921875;0.0625;0.0234375;0.00390625;0.00390625;0.00390625;0.00390625;0.00390625;0.005859375;0.0078125;0.017578125;0.7;0.171875;0.6875;0.7109375;0.75;0.19921875;0.1328125;0.0546875;0.02734375;0.00390625;0.00390625;0.00390625;0.00390625;0.00390625;0.00390625;0.005859375;0.01171875;0.5
148;83.38;148;0.171875;0.703125;0.7890625;0.8125;0.484375;0.19921875;0.05859375;0.01953125;0.00390625;0.00390625;0.00390625;0.00390625;0.00390625;0.005859375;0.0078125;0.017578125;0.7;0.171875;0.6875;0.703125;0.75;0.19921875;0.12890625;0.0546875;0.02734375;0.00390625;0.00390625;0.00390625;0.00390625;0.00390625;0.00390625;0.005859375;0.01171875;0.5
149;85.08;149;0.171875;0.703125;0.78125;0.8203125;0.47265625;0.1953125;0.05859375;0.01953125;0.00390625;0.00390625;0.00390625;0.00390625;0.00390625;0.005859375;0.0078125;0.017578125;0.7;0.171875;0.703125;0.703125;0.75;0.203125;0.1328125;0.0546875;0.02734375;0.00390625;0.00390625;0.00390625;0.00390625;0.00390625;0.00390625;0.0078125;0.01171875;0.5
150;84.84;150;0.171875;0.703125;0.78125;0.8125;0.4921875;0.21484375;0.05859375;0.0234375;0.00390625;0.00390625;0.00390625;0.00390625;0.00390625;0.005859375;0.0078125;0.017578125;0.7;0.171875;0.703125;0.703125;0.75;0.203125;0.140625;0.0546875;0.02734375;0.00390625;0.00390625;0.00390625;0.00390625;0.00390625;0.00390625;0.005859375;0.01171875;0.5
151;85.17;151;0.171875;0.703125;0.7890625;0.8203125;0.4921875;0.203125;0.05859375;0.0234375;0.00390625;0.00390625;0.00390625;0.00390625;0.00390625;0.005859375;0.0078125;0.017578125;0.7;0.171875;0.6875;0.703125;0.7578125;0.203125;0.13671875;0.0546875;0.02734375;0.00390625;0.00390625;0.00390625;0.00390625;0.00390625;0.00390625;0.005859375;0.01171875;0.5
152;85.19;152;0.15625;0.703125;0.7890625;0.8203125;0.49609375;0.22265625;0.05859375;0.0234375;0.00390625;0.00390625;0.00390625;0.00390625;0.00390625;0.005859375;0.0078125;0.017578125;0.7;0.171875;0.6875;0.7109375;0.7578125;0.203125;0.13671875;0.0546875;0.02734375;0.00390625;0.00390625;0.00390625;0.00390625;0.00390625;0.00390625;0.005859375;0.01171875;0.5
153;85.64;153;0.171875;0.703125;0.7890625;0.8203125;0.5;0.21875;0.05859375;0.0234375;0.00390625;0.00390625;0.00390625;0.00390625;0.00390625;0.005859375;0.0078125;0.017578125;0.7;0.171875;0.6875;0.703125;0.7578125;0.20703125;0.13671875;0.05859375;0.02734375;0.00390625;0.00390625;0.00390625;0.00390625;0.00390625;0.00390625;0.0078125;0.013671875;0.6
154;85.83;154;0.171875;0.703125;0.78125;0.8203125;0.49609375;0.22265625;0.0625;0.0234375;0.00390625;0.00390625;0.00390625;0.00390625;0.00390625;0.005859375;0.0078125;0.017578125;0.8;0.171875;0.6875;0.7109375;0.7578125;0.203125;0.140625;0.05859375;0.02734375;0.00390625;0.00390625;0.00390625;0.00390625;0.00390625;0.005859375;0.0078125;0.01171875;0.5
155;86.02;155;0.171875;0.703125;0.7890625;0.8203125;0.50390625;0.22265625;0.05859375;0.01953125;0.00390625;0.00390625;0.00390625;0.00390625;0.00390625;0.005859375;0.0078125;0.017578125;0.7;0.171875;0.6875;0.703125;0.7578125;0.20703125;0.13671875;0.0546875;0.02734375;0.00390625;0.00390625;0.00390625;0.00390625;0.00390625;0.00390625;0.005859375;0.01171875;0.5
156;85.16;156;0.171875;0.703125;0.7890625;0.8203125;0.5078125;0.234375;0.06640625;0.0234375;0.00390625;0.00390625;0.00390625;0.00390625;0.00390625;0.005859375;0.0078125;0.017578125;0.7;0.171875;0.703125;0.7109375;0.765625;0.20703125;0.140625;0.05859375;0.02734375;0.00390625;0.00390625;0.00390625;0.00390625;0.00390625;0.00390625;0.005859375;0.01171875;0.5
157;85.71;157;0.171875;0.71875;0.7890625;0.828125;0.515625;0.234375;0.0625;0.0234375;0.00390625;0.00390625;0.00390625;0.00390625;0.00390625;0.005859375;0.0078125;0.017578125;0.7;0.171875;0.703125;0.7109375;0.765625;0.20703125;0.140625;0.05859375;0.02734375;0.00390625;0.00390625;0.00390625;0.00390625;0.00390625;0.00390625;0.0078125;0.01171875;0.5
158;85.48;158;0.171875;0.71875;0.796875;0.8203125;0.51171875;0.23046875;0.0625;0.01953125;0.00390625;0.00390625;0.00390625;0.00390625;0.00390625;0.005859375;0.0078125;0.017578125;0.7;0.171875;0.703125;0.7109375;0.7578125;0.20703125;0.140625;0.0546875;0.02734375;0.00390625;0.00390625;0.00390625;0.00390625;0.00390625;0.00390625;0.005859375;0.01171875;0.5
159;85.94;159;0.15625;0.71875;0.7890625;0.8203125;0.51953125;0.25;0.06640625;0.0234375;0.00390625;0.00390625;0.00390625;0.00390625;0.00390625;0.005859375;0.0078125;0.017578125;0.8;0.171875;0.703125;0.7109375;0.765625;0.20703125;0.13671875;0.0546875;0.02734375;0.00390625;0.00390625;0.00390625;0.00390625;0.00390625;0.00390625;0.005859375;0.01171875;0.5
160;84.73;160;0.171875;0.703125;0.7890625;0.8203125;0.51171875;0.234375;0.0625;0.01953125;0.00390625;0.00390625;0.00390625;0.00390625;0.00390625;0.005859375;0.0078125;0.017578125;0.7;0.171875;0.703125;0.7109375;0.7734375;0.20703125;0.14453125;0.0546875;0.02734375;0.00390625;0.00390625;0.00390625;0.00390625;0.00390625;0.00390625;0.005859375;0.01171875;0.5
161;85.35;161;0.171875;0.71875;0.7890625;0.8203125;0.52734375;0.24609375;0.0625;0.01953125;0.00390625;0.00390625;0.00390625;0.00390625;0.00390625;0.005859375;0.0078125;0.017578125;0.8;0.171875;0.703125;0.7109375;0.765625;0.20703125;0.140625;0.05859375;0.02734375;0.00390625;0.00390625;0.00390625;0.00390625;0.00390625;0.00390625;0.005859375;0.01171875;0.5
162;85.13;162;0.171875;0.71875;0.796875;0.828125;0.5234375;0.234375;0.06640625;0.0234375;0.00390625;0.00390625;0.00390625;0.00390625;0.00390625;0.005859375;0.0078125;0.017578125;0.7;0.171875;0.703125;0.7109375;0.765625;0.20703125;0.14453125;0.05859375;0.02734375;0.00390625;0.00390625;0.00390625;0.00390625;0.00390625;0.00390625;0.0078125;0.01171875;0.5
163;85.6;163;0.171875;0.71875;0.796875;0.8203125;0.52734375;0.2421875;0.0625;0.01953125;0.00390625;0.00390625;0.00390625;0.00390625;0.00390625;0.005859375;0.0078125;0.017578125;0.7;0.171875;0.703125;0.7109375;0.765625;0.20703125;0.140625;0.05859375;0.02734375;0.00390625;0.00390625;0.00390625;0.00390625;0.00390625;0.00390625;0.0078125;0.01171875;0.5
164;84.43;164;0.171875;0.703125;0.796875;0.828125;0.52734375;0.25390625;0.06640625;0.0234375;0.00390625;0.00390625;0.00390625;0.00390625;0.00390625;0.005859375;0.0078125;0.017578125;0.7;0.171875;0.703125;0.7109375;0.765625;0.20703125;0.14453125;0.05859375;0.02734375;0.00390625;0.00390625;0.00390625;0.00390625;0.00390625;0.005859375;0.0078125;0.01171875;0.5
165;85.37;165;0.171875;0.71875;0.796875;0.828125;0.53125;0.265625;0.0625;0.01953125;0.00390625;0.00390625;0.00390625;0.00390625;0.00390625;0.005859375;0.0078125;0.017578125;0.7;0.171875;0.703125;0.71875;0.765625;0.20703125;0.15234375;0.05859375;0.02734375;0.00390625;0.00390625;0.00390625;0.00390625;0.00390625;0.00390625;0.005859375;0.013671875;0.5
166;85.51;166;0.171875;0.71875;0.796875;0.828125;0.53125;0.25390625;0.05859375;0.01953125;0.00390625;0.00390625;0.00390625;0.00390625;0.00390625;0.005859375;0.0078125;0.017578125;0.7;0.171875;0.703125;0.71875;0.7734375;0.20703125;0.1484375;0.05859375;0.02734375;0.00390625;0.00390625;0.00390625;0.00390625;0.00390625;0.00390625;0.0078125;0.01171875;0.5
167;86.03;167;0.171875;0.703125;0.7890625;0.828125;0.5234375;0.25;0.0625;0.01953125;0.00390625;0.00390625;0.00390625;0.00390625;0.00390625;0.005859375;0.0078125;0.017578125;0.7;0.171875;0.703125;0.7109375;0.7734375;0.20703125;0.1484375;0.05859375;0.02734375;0.00390625;0.00390625;0.00390625;0.00390625;0.00390625;0.00390625;0.0078125;0.013671875;0.6
168;86.34;168;0.171875;0.71875;0.796875;0.828125;0.53125;0.26171875;0.06640625;0.0234375;0.00390625;0.00390625;0.00390625;0.00390625;0.00390625;0.005859375;0.0078125;0.017578125;0.7;0.171875;0.703125;0.7109375;0.765625;0.20703125;0.1484375;0.05859375;0.02734375;0.00390625;0.00390625;0.00390625;0.00390625;0.00390625;0.00390625;0.0078125;0.01171875;0.5
169;86.66;169;0.171875;0.71875;0.796875;0.828125;0.52734375;0.25390625;0.06640625;0.0234375;0.00390625;0.00390625;0.00390625;0.00390625;0.00390625;0.005859375;0.0078125;0.017578125;0.8;0.171875;0.703125;0.71875;0.7734375;0.20703125;0.1484375;0.05859375;0.02734375;0.00390625;0.00390625;0.00390625;0.00390625;0.00390625;0.005859375;0.0078125;0.01171875;0.5
170;87.16;170;0.171875;0.71875;0.796875;0.828125;0.53515625;0.26171875;0.06640625;0.0234375;0.00390625;0.00390625;0.00390625;0.00390625;0.00390625;0.005859375;0.0078125;0.017578125;0.8;0.171875;0.703125;0.71875;0.7734375;0.2109375;0.15234375;0.05859375;0.02734375;0.00390625;0.00390625;0.00390625;0.00390625;0.00390625;0.005859375;0.005859375;0.013671875;0.5
171;86.49;171;0.171875;0.71875;0.796875;0.828125;0.5390625;0.27734375;0.0703125;0.0234375;0.00390625;0.00390625;0.00390625;0.00390625;0.00390625;0.005859375;0.0078125;0.017578125;0.8;0.171875;0.703125;0.71875;0.7734375;0.2109375;0.15234375;0.05859375;0.02734375;0.00390625;0.00390625;0.00390625;0.00390625;0.00390625;0.005859375;0.0078125;0.013671875;0.5
172;87.06;172;0.171875;0.71875;0.796875;0.828125;0.55078125;0.28125;0.06640625;0.0234375;0.00390625;0.00390625;0.00390625;0.00390625;0.00390625;0.005859375;0.0078125;0.017578125;0.8;0.171875;0.703125;0.71875;0.765625;0.2109375;0.1484375;0.05859375;0.02734375;0.00390625;0.00390625;0.00390625;0.00390625;0.00390625;0.00390625;0.0078125;0.01171875;0.5
173;86.62;173;0.15625;0.71875;0.796875;0.828125;0.546875;0.27734375;0.06640625;0.0234375;0.00390625;0.00390625;0.00390625;0.00390625;0.00390625;0.005859375;0.0078125;0.017578125;0.7;0.171875;0.703125;0.71875;0.7734375;0.2109375;0.15234375;0.05859375;0.02734375;0.00390625;0.00390625;0.00390625;0.00390625;0.00390625;0.00390625;0.005859375;0.013671875;0.5
174;86.93;174;0.171875;0.71875;0.796875;0.828125;0.55078125;0.28515625;0.0703125;0.0234375;0.00390625;0.00390625;0.00390625;0.00390625;0.00390625;0.005859375;0.009765625;0.017578125;0.8;0.171875;0.703125;0.71875;0.7734375;0.2109375;0.15625;0.0625;0.02734375;0.00390625;0.00390625;0.00390625;0.00390625;0.00390625;0.00390625;0.0078125;0.013671875;0.5
175;87.14;175;0.171875;0.71875;0.796875;0.8359375;0.546875;0.28125;0.0703125;0.0234375;0.00390625;0.00390625;0.00390625;0.00390625;0.00390625;0.005859375;0.0078125;0.017578125;0.8;0.171875;0.703125;0.71875;0.7734375;0.2109375;0.15234375;0.0625;0.02734375;0.00390625;0.00390625;0.00390625;0.00390625;0.00390625;0.00390625;0.005859375;0.013671875;0.5
176;87.1;176;0.171875;0.71875;0.796875;0.8359375;0.546875;0.29296875;0.0703125;0.0234375;0.00390625;0.00390625;0.00390625;0.00390625;0.00390625;0.005859375;0.0078125;0.017578125;0.7;0.171875;0.703125;0.71875;0.7734375;0.2109375;0.15234375;0.0625;0.02734375;0.00390625;0.00390625;0.00390625;0.00390625;0.00390625;0.00390625;0.0078125;0.01171875;0.5
177;87.15;177;0.171875;0.71875;0.796875;0.8359375;0.55078125;0.296875;0.06640625;0.0234375;0.00390625;0.00390625;0.00390625;0.00390625;0.00390625;0.005859375;0.0078125;0.017578125;0.7;0.171875;0.71875;0.71875;0.7734375;0.2109375;0.15625;0.05859375;0.02734375;0.00390625;0.00390625;0.00390625;0.00390625;0.00390625;0.00390625;0.005859375;0.01171875;0.5
178;87.49;178;0.171875;0.71875;0.796875;0.8359375;0.55078125;0.28515625;0.0703125;0.0234375;0.00390625;0.00390625;0.00390625;0.00390625;0.00390625;0.005859375;0.0078125;0.017578125;0.8;0.171875;0.703125;0.71875;0.7734375;0.2109375;0.15625;0.0625;0.02734375;0.00390625;0.00390625;0.00390625;0.00390625;0.00390625;0.00390625;0.0078125;0.013671875;0.5
179;87.31;179;0.171875;0.71875;0.796875;0.828125;0.55078125;0.29296875;0.0703125;0.0234375;0.00390625;0.00390625;0.00390625;0.00390625;0.00390625;0.005859375;0.009765625;0.017578125;0.8;0.171875;0.703125;0.71875;0.7734375;0.2109375;0.15625;0.0625;0.02734375;0.00390625;0.00390625;0.00390625;0.00390625;0.00390625;0.005859375;0.0078125;0.01171875;0.5
180;87.44;180;0.171875;0.71875;0.796875;0.8359375;0.5546875;0.30078125;0.0703125;0.0234375;0.00390625;0.00390625;0.00390625;0.00390625;0.00390625;0.005859375;0.0078125;0.017578125;0.7;0.171875;0.703125;0.71875;0.7734375;0.2109375;0.15234375;0.05859375;0.02734375;0.00390625;0.00390625;0.00390625;0.00390625;0.00390625;0.00390625;0.0078125;0.013671875;0.5
181;87.41;181;0.171875;0.71875;0.8046875;0.8359375;0.56640625;0.3125;0.0703125;0.0234375;0.00390625;0.00390625;0.00390625;0.00390625;0.00390625;0.005859375;0.009765625;0.017578125;0.8;0.171875;0.703125;0.71875;0.7734375;0.21484375;0.15625;0.0625;0.02734375;0.00390625;0.00390625;0.00390625;0.00390625;0.00390625;0.005859375;0.0078125;0.013671875;0.5
182;87.44;182;0.171875;0.71875;0.796875;0.828125;0.55078125;0.296875;0.0703125;0.0234375;0.00390625;0.00390625;0.00390625;0.00390625;0.00390625;0.005859375;0.0078125;0.017578125;0.8;0.171875;0.703125;0.7265625;0.7734375;0.2109375;0.16015625;0.0625;0.02734375;0.00390625;0.00390625;0.00390625;0.00390625;0.00390625;0.00390625;0.0078125;0.013671875;0.5
183;87.52;183;0.171875;0.71875;0.796875;0.8359375;0.56640625;0.3125;0.0703125;0.0234375;0.00390625;0.00390625;0.00390625;0.00390625;0.00390625;0.005859375;0.009765625;0.017578125;0.8;0.171875;0.703125;0.71875;0.7734375;0.2109375;0.15625;0.0625;0.02734375;0.00390625;0.00390625;0.00390625;0.00390625;0.00390625;0.00390625;0.0078125;0.013671875;0.5
184;87.57;184;0.171875;0.71875;0.8046875;0.828125;0.546875;0.2890625;0.06640625;0.01953125;0.00390625;0.00390625;0.00390625;0.00390625;0.00390625;0.005859375;0.0078125;0.017578125;0.8;0.171875;0.703125;0.71875;0.7734375;0.21484375;0.16015625;0.0625;0.02734375;0.00390625;0.00390625;0.00390625;0.00390625;0.00390625;0.00390625;0.0078125;0.013671875;0.5
185;87.46;185;0.171875;0.71875;0.796875;0.828125;0.55859375;0.31640625;0.07421875;0.02734375;0.00390625;0.00390625;0.00390625;0.00390625;0.00390625;0.005859375;0.009765625;0.017578125;0.8;0.171875;0.703125;0.71875;0.7734375;0.21484375;0.16015625;0.0625;0.02734375;0.00390625;0.00390625;0.00390625;0.00390625;0.00390625;0.005859375;0.0078125;0.013671875;0.5
186;87.42;186;0.171875;0.71875;0.8046875;0.8359375;0.55859375;0.3125;0.0703125;0.0234375;0.00390625;0.00390625;0.00390625;0.00390625;0.00390625;0.005859375;0.009765625;0.017578125;0.8;0.171875;0.703125;0.71875;0.7734375;0.2109375;0.16015625;0.0625;0.02734375;0.00390625;0.00390625;0.00390625;0.00390625;0.00390625;0.005859375;0.0078125;0.013671875;0.5
187;87.64;187;0.171875;0.71875;0.796875;0.8359375;0.5546875;0.30078125;0.0703125;0.0234375;0.00390625;0.00390625;0.00390625;0.00390625;0.00390625;0.005859375;0.009765625;0.017578125;0.8;0.171875;0.703125;0.71875;0.7734375;0.2109375;0.15625;0.0625;0.02734375;0.00390625;0.00390625;0.00390625;0.00390625;0.00390625;0.005859375;0.0078125;0.013671875;0.5
188;87.82;188;0.171875;0.71875;0.796875;0.8359375;0.5703125;0.32421875;0.06640625;0.0234375;0.00390625;0.00390625;0.00390625;0.00390625;0.00390625;0.005859375;0.0078125;0.017578125;0.8;0.171875;0.703125;0.71875;0.78125;0.21484375;0.16015625;0.0625;0.02734375;0.00390625;0.00390625;0.00390625;0.00390625;0.00390625;0.00390625;0.0078125;0.013671875;0.5
189;87.71;189;0.171875;0.71875;0.8046875;0.8359375;0.5625;0.30859375;0.07421875;0.02734375;0.00390625;0.00390625;0.00390625;0.00390625;0.00390625;0.005859375;0.0078125;0.017578125;0.8;0.171875;0.703125;0.71875;0.78125;0.21484375;0.16015625;0.0625;0.02734375;0.00390625;0.00390625;0.00390625;0.00390625;0.00390625;0.005859375;0.0078125;0.013671875;0.5
190;87.77;190;0.171875;0.71875;0.8046875;0.8359375;0.56640625;0.31640625;0.0703125;0.0234375;0.00390625;0.00390625;0.00390625;0.00390625;0.00390625;0.005859375;0.009765625;0.017578125;0.8;0.171875;0.703125;0.7265625;0.78125;0.21484375;0.16015625;0.0625;0.02734375;0.00390625;0.00390625;0.00390625;0.00390625;0.00390625;0.005859375;0.0078125;0.013671875;0.5
191;87.83;191;0.171875;0.71875;0.796875;0.8359375;0.55859375;0.296875;0.0703125;0.0234375;0.00390625;0.00390625;0.00390625;0.00390625;0.00390625;0.005859375;0.009765625;0.017578125;0.8;0.171875;0.703125;0.71875;0.78125;0.21484375;0.16015625;0.0625;0.02734375;0.00390625;0.00390625;0.00390625;0.00390625;0.00390625;0.00390625;0.0078125;0.013671875;0.5
192;87.85;192;0.171875;0.71875;0.796875;0.828125;0.55859375;0.30859375;0.06640625;0.0234375;0.00390625;0.00390625;0.00390625;0.00390625;0.00390625;0.005859375;0.0078125;0.017578125;0.8;0.171875;0.703125;0.71875;0.78125;0.21484375;0.16015625;0.0625;0.02734375;0.00390625;0.00390625;0.00390625;0.00390625;0.00390625;0.00390625;0.0078125;0.013671875;0.5
193;87.68;193;0.171875;0.71875;0.8046875;0.8359375;0.5625;0.3046875;0.0703125;0.01953125;0.00390625;0.00390625;0.00390625;0.00390625;0.00390625;0.005859375;0.0078125;0.017578125;0.8;0.171875;0.703125;0.71875;0.78125;0.21484375;0.16015625;0.0625;0.02734375;0.00390625;0.00390625;0.00390625;0.00390625;0.00390625;0.00390625;0.0078125;0.013671875;0.5
194;87.91;194;0.171875;0.71875;0.8046875;0.8359375;0.56640625;0.31640625;0.0703125;0.0234375;0.00390625;0.00390625;0.00390625;0.00390625;0.00390625;0.005859375;0.009765625;0.017578125;0.8;0.171875;0.703125;0.7265625;0.78125;0.21484375;0.16015625;0.0625;0.02734375;0.00390625;0.00390625;0.00390625;0.00390625;0.00390625;0.00390625;0.0078125;0.013671875;0.5
195;87.75;195;0.171875;0.71875;0.8046875;0.8359375;0.5625;0.30859375;0.0703125;0.0234375;0.00390625;0.00390625;0.00390625;0.00390625;0.00390625;0.005859375;0.009765625;0.017578125;0.8;0.171875;0.703125;0.71875;0.78125;0.21484375;0.16015625;0.0625;0.02734375;0.00390625;0.00390625;0.00390625;0.00390625;0.00390625;0.005859375;0.0078125;0.013671875;0.5
196;87.72;196;0.171875;0.71875;0.796875;0.8359375;0.56640625;0.3125;0.0703125;0.0234375;0.00390625;0.00390625;0.00390625;0.00390625;0.00390625;0.005859375;0.0078125;0.017578125;0.8;0.171875;0.703125;0.71875;0.78125;0.21484375;0.16015625;0.0625;0.02734375;0.00390625;0.00390625;0.00390625;0.00390625;0.00390625;0.00390625;0.0078125;0.013671875;0.5
197;87.79;197;0.171875;0.71875;0.8046875;0.8359375;0.5546875;0.3046875;0.0703125;0.0234375;0.00390625;0.00390625;0.00390625;0.00390625;0.00390625;0.005859375;0.0078125;0.017578125;0.8;0.171875;0.703125;0.7265625;0.78125;0.21484375;0.16015625;0.0625;0.02734375;0.00390625;0.00390625;0.00390625;0.00390625;0.00390625;0.005859375;0.0078125;0.013671875;0.5
198;87.8;198;0.171875;0.71875;0.8046875;0.8359375;0.55859375;0.3125;0.0703125;0.0234375;0.00390625;0.00390625;0.00390625;0.00390625;0.00390625;0.005859375;0.009765625;0.017578125;0.8;0.171875;0.703125;0.71875;0.78125;0.21484375;0.16015625;0.0625;0.02734375;0.00390625;0.00390625;0.00390625;0.00390625;0.00390625;0.00390625;0.0078125;0.013671875;0.5
199;87.78;199;0.171875;0.71875;0.8046875;0.8359375;0.5703125;0.33203125;0.0703125;0.0234375;0.00390625;0.00390625;0.00390625;0.00390625;0.00390625;0.005859375;0.009765625;0.017578125;0.8;0.171875;0.703125;0.71875;0.78125;0.21484375;0.16015625;0.0625;0.02734375;0.00390625;0.00390625;0.00390625;0.00390625;0.00390625;0.00390625;0.0078125;0.013671875;0.5
